user_id,result,timestamp
mcll64y6b4oezqkjc9,False,2025/07/02 15:45:14
mcll4ctj75ys035ren.wee,True,2025/07/02 15:45:26
mcll4p2b9leju4ephg.p77,False,2025/07/02 15:46:15
mcll4rmr92dljfi9xm.p77,False,2025/07/02 15:46:27
mcll6dvwzwl1v1q0ti.777,False,2025/07/02 15:46:44
mcll52ujpq0yf77ww4,True,2025/07/02 15:47:05
mcll5l2iepz2wdz81b,False,2025/07/02 15:47:07
mclkxfz3rgz1pibicz.sss,False,2025/07/02 15:41:24
mcll6x95i4b8ac15l6.eee,False,2025/07/02 15:47:26
mcll4qx9fuj8krv92g.wee,False,2025/07/02 15:47:58
mcll53kpea68dgzp2d.p77,False,2025/07/02 15:47:41
mcll4bmhw0znkuzj99.sss,True,2025/07/02 15:48:05
mcll5335u98sk4zlq7,False,2025/07/02 15:48:21
mcll50bcy1zv872u86.lll,True,2025/07/02 15:48:25
mcll5aimswpxusnyiu.lll,True,2025/07/02 15:48:44
mcll65gjnnb9ef7xfxz,True,2025/07/02 15:48:49
mcll5sdelpjgyxvgdp.eee,False,2025/07/02 15:49:13
mcll69xvddcgubiz4f,False,2025/07/02 15:49:14
mcll5d8gtm7gpvejzy.eee,False,2025/07/02 15:49:29
mcll5c1wv85unn3sp0.eee,True,2025/07/02 15:49:57
mcll6bmok1n0njv0ab.eee,True,2025/07/02 15:50:09
mcll6pqayp5g03ajyy.lll,True,2025/07/02 15:50:12
mcll74m49tz5dbzdvw.i,True,2025/07/02 15:50:17
mcll7tv1j8mkkl5684,False,2025/07/02 15:50:19
mcll6o8fsheywxs2bg.ass,True,2025/07/02 15:50:30
mcll53y5mokezfxqsl.3ll,True,2025/07/02 15:48:45
mcll7ssqm0fpuv40rq.eee,True,2025/07/02 15:50:35
mcll7c21qd9v2guhtr,True,2025/07/02 15:50:56
mcll67un6dq3qzcvqy.3ll,True,2025/07/02 15:51:23
mcll6afnfrq9o2x0jk.777,True,2025/07/02 15:51:35
mcll7ctpzp56tf8wu2,False,2025/07/02 15:51:42
mcll75x1khrd37rv6o.3ll,True,2025/07/02 15:51:54
mcll6gl3azf90l1dyb.wee,True,2025/07/02 15:52:18
mcllag1fzlihejt9uo.p77,False,2025/07/02 15:51:56
mcll5ry0686i2m8pyy.i,True,2025/07/02 15:52:38
mcllbat1t0udyejp68.ass,False,2025/07/02 15:53:05
mcll7g1wnjo34rftxf,True,2025/07/02 15:53:11
mcll5i6tngqzd7yacu,False,2025/07/02 15:53:22
mcll7l8t73kp42x45p,True,2025/07/02 15:53:32
mcll5n2tno4ajmj2cj.sss,True,2025/07/02 15:53:38
mcll7my7at5u4pncux,True,2025/07/02 15:53:37
mcll7k4xxus6re6pgl.sss,True,2025/07/02 15:53:40
mcll63uzmmcu60sol7,True,2025/07/02 15:53:17
mcll6pjb5sht5l4grc.eee,True,2025/07/02 15:54:05
mcll5orr7i85sm6ff1,True,2025/07/02 15:54:10
mcll8igionx3zx5igc.sss,True,2025/07/02 15:54:35
mcllb27o8tzti74md4,True,2025/07/02 15:54:38
mcll56sd75db8qaxqx,True,2025/07/02 15:55:00
mcll7roqioitd7jxqt.p77,True,2025/07/02 15:55:00
mcll69r400de3351rn.3ll,True,2025/07/02 15:55:05
mcll6mo2fmxw9hy2cr.i,True,2025/07/02 15:55:06
mcll5m85olyfjj0k90,False,2025/07/02 15:55:08
mcll7fvxc800uiqgo8.eee,True,2025/07/02 15:55:09
mcll7huybpfp4y5wgj,False,2025/07/02 15:55:10
mcll7o7izxwcup5a2m,True,2025/07/02 15:55:20
mcllc2b6t7ytoskbnv,True,2025/07/02 15:55:28
mcllcs7ec11q9tcwbm.i,True,2025/07/02 15:55:20
mcll7ucumfq161wvm0.sss,True,2025/07/02 15:55:37
mcll5qde7ncrwb4o7g.p77,False,2025/07/02 15:55:59
mcllegdr0rb3wv31m4.3ll,False,2025/07/02 15:56:29
mcll5irw6hyl31z7h7.sss,False,2025/07/02 15:56:30
mcllci79nopymd7qbk.sss,True,2025/07/02 15:56:55
mcll84yq3c7p4tyfc3.sss,False,2025/07/02 15:57:04
mcllguv9x4e4hzt9q4.3ll,True,2025/07/02 15:57:17
mcll76hmkawor99cez.i,False,2025/07/02 15:57:17
mcllibvr9e05yx24fh.i,True,2025/07/02 15:57:47
mcllggn3tj8budljfi,False,2025/07/02 15:57:49
mcll88l4qcxkx40mm3k.ee,True,2025/07/02 15:57:53
mcll7z4qczwymqcdkx.i,True,2025/07/02 15:58:08
mclldzm9rzls0ymtxr.3ll,True,2025/07/02 15:58:24
mcll866ye6pylz01bw.ass,False,2025/07/02 15:58:36
mcll7awiiqdirr6496.p77,False,2025/07/02 15:58:49
mclla4g5vquediuf89d.i,True,2025/07/02 15:58:55
mcll69xpg7665ebw41.sss,True,2025/07/02 15:59:07
mcllbbdxglsrr4ouk3.wee,True,2025/07/02 15:59:27
mcll74eoaxj4gdji59.777,True,2025/07/02 16:00:14
mcllfwq1mhlrbe5ga1.777,True,2025/07/02 16:00:18
mcll65paquk3clg5sn,False,2025/07/02 16:00:21
mcllm5t1mi2e7z7ywo.3ll,True,2025/07/02 16:00:35
mcllmuryujcal0yqid.lll,True,2025/07/02 16:00:29
mclldfjef7659272y2.sss,True,2025/07/02 16:01:15
mcll7xcpe3xxlwp8ze.i,True,2025/07/02 16:01:40
mcllpifgvj82skgv0j,False,2025/07/02 16:01:48
mcllmap6dy1q2pjwoh,True,2025/07/02 16:00:42
mcll5az7vbgbiykzed,True,2025/07/02 16:02:31
mcll86pp7xanndb8wj.i,False,2025/07/02 16:03:34
mcll6i5ndu9zsn77sq.lll,True,2025/07/02 16:03:36
mclldmkzp3xzpq2lkk.i,True,2025/07/02 16:03:18
mcllhtswk2ekv8wshn.eee,True,2025/07/02 16:04:03
mcll8j4hhna0cjf4h7.lll,True,2025/07/02 16:04:48
mcll6io834fgdcmx9b.eee,True,2025/07/02 16:05:18
mcll9pp4h1gfdq6330.777,True,2025/07/02 16:05:18
mclle2spltt3ajqc4m.wee,False,2025/07/02 16:05:44
mclldxvsmo35k8j2cy,True,2025/07/02 16:06:10
mcll60xnwtjce72n1l.777,False,2025/07/02 16:08:09
mcllldkue64p2zj1l3.lll,True,2025/07/02 16:09:31
mcllv4m90m0sa7y0bbx.ll,True,2025/07/02 16:09:34
mcllrghza5ib1834wz.777,False,2025/07/02 16:10:07
mclm08q7rknfvd271a.i,True,2025/07/02 16:12:14
mcllxmwnl5s6v7za3w.3ll,True,2025/07/02 16:12:43
mclly3rvc8smsr6a1a.lll,False,2025/07/02 16:14:08
mcllzgxg5maq17u5nc,True,2025/07/02 16:14:40
mclm3nkm6iaxoft5xt.ass,False,2025/07/02 16:14:42
mcllz6prnmxsed7js2.ass,True,2025/07/02 16:14:46
mcllpd3f2mx4jqqwww.eee,True,2025/07/02 16:15:16
mcmv3k79c61u7ugyx1,True,2025/07/02 16:20:03
mcll7edcq3bpx0q09y,True,2025/07/02 16:18:50
mclm40c7io87bchvzx.p77,True,2025/07/02 16:19:20
mcll8qiatel5yqpclxq,True,2025/07/02 16:19:40
mclmeekysi90pq3ygt.3ll,False,2025/07/02 16:20:25
mclmelnxdtg1tym371.i,True,2025/07/02 16:21:27
mclmk3kjluzqjrq0aa.wee,False,2025/07/02 16:28:47
mclmfe2ao14plnw3b3.lll,True,2025/07/02 16:29:05
mcln966w5ayflxl00s,False,2025/07/02 16:43:54
mcln9z3kj7p2n3j1xr.eee,True,2025/07/02 16:46:06
mclna1mkyreqtne4lm.wee,True,2025/07/02 16:46:34
mclnall7dzdygzumoi.3ll,False,2025/07/02 16:46:44
mclnb9es89bcb1enfz,False,2025/07/02 16:46:47
mcln9gt4v184bt5q8y.p77,True,2025/07/02 16:47:12
mclnbjdzlo0264kv8y.3ll,True,2025/07/02 16:47:16
mclna2pbkes5dt9wru.sss,True,2025/07/02 16:48:05
mclnaehcjy2j1sbacr.eee,True,2025/07/02 16:48:11
mclnd6dtzytsyfh1q6,True,2025/07/02 16:48:20
mclnbnntty9d24j2hz.sss,True,2025/07/02 16:48:26
mclnbg8cgnvgvryl3d.ass,True,2025/07/02 16:49:45
mclng77lh9kyndz0lp,True,2025/07/02 16:50:07
mclnavqq35eybp1xvz,False,2025/07/02 16:50:09
mclna0mx9w4yqta7ae.eee,True,2025/07/02 16:50:19
mclnc5k13y5h6xb29t.ass,True,2025/07/02 16:50:27
mclnb9ks0d6eet4r04,True,2025/07/02 16:50:12
mcln9le5ofgf0m3sph.p77,True,2025/07/02 16:50:50
mclnct0ngnftgawlpv.ass,True,2025/07/02 16:51:20
mclnb36wupm6oz324f.i,True,2025/07/02 16:51:27
mcln9zhzfsqn5t376k.3ll,True,2025/07/02 16:51:47
mclndafuqa7pm5xn1i.wee,True,2025/07/02 16:52:12
mclnbewrhhzphpc9db.sss,True,2025/07/02 16:52:22
mclnaufv4act0uxzyz,True,2025/07/02 16:52:18
mclndk0flkvlbgpgun,True,2025/07/02 16:52:24
mclnantzqx2h8rjgam.sss,True,2025/07/02 16:52:27
mclnbskcktx7zfb0ps.i,True,2025/07/02 16:52:36
mclne5rq7aey1iecmo.i,True,2025/07/02 16:52:39
mcln99wklpura6l77k.eee,False,2025/07/02 16:52:42
mclncm1luszxoo3uka.p77,True,2025/07/02 16:53:04
mclncw9jiiaqcj0fy3.sss,True,2025/07/02 16:53:08
mclnbjnbdnsxk365tl.sss,True,2025/07/02 16:53:19
mclncn9cnikcpb6irr.777,True,2025/07/02 16:52:32
mclnbk8iqxvqcn1qk8.lll,True,2025/07/02 16:53:39
mclnd1qnl9snabc766,True,2025/07/02 16:53:47
mclnca3grblvnut6p9.777,True,2025/07/02 16:53:54
mclnbjfii8q61r4pur.ass,True,2025/07/02 16:53:57
mclnfklrloomvoajvr,True,2025/07/02 16:54:06
mclnao57zgs713pemj.eee,True,2025/07/02 16:54:02
mclnal6x0y53btq18j.777,True,2025/07/02 16:54:03
mclnhac133co78a5yp,True,2025/07/02 16:54:36
mclnhpg0zl8l8kievk.ass,True,2025/07/02 16:54:41
mclnatp4jcgpq4hnoa.eee,True,2025/07/02 16:55:05
mcln9s7wign1xc1nx3.i,True,2025/07/02 16:55:25
mclnamrgnfkuwif54u,True,2025/07/02 16:55:38
mclnbah2fjesbxq42c.777,False,2025/07/02 16:56:39
mclninywxofe0g24vl,False,2025/07/02 08:56:41
mclneqtpbcq144lby5.3ll,True,2025/07/02 16:56:45
mclnbmojqk41p0tn2l,True,2025/07/02 16:56:58
mcln9zaxd239xajjak.wee,True,2025/07/02 16:57:01
mclngfqok0z1b5gpjz.lll,True,2025/07/02 16:57:17
mclno8m57qwge0r9id.ass,True,2025/07/02 16:57:32
mclna9vjc53rjf7meg.3ll,True,2025/07/02 16:57:46
mclnj85zbia36mnrok.777,True,2025/07/02 16:58:11
mclnamxkgqjz4quvtv.sss,True,2025/07/02 16:58:13
mclnka0s3q8i3hzb7q.777,False,2025/07/02 16:58:15
mclnmp0njjctosa2t9,True,2025/07/02 16:58:26
mclnf61nxxfs2hhszf.eee,True,2025/07/02 17:00:37
mclnv4bywkmk14jljd,True,2025/07/02 17:00:39
mclnboj993uko4i8wg.wee,True,2025/07/02 17:00:39
mclncramut1rac356b,True,2025/07/02 17:01:06
mclnb237j2i7wnbmbs3,True,2025/07/02 14:02:12
mcln9xo5t81bgfw4nm.ass,True,2025/07/02 17:03:04
mclne6s23zl4eencpb.ass,True,2025/07/02 17:03:18
mclnsvr9a41h0ts5qa.777,False,2025/07/02 17:03:56
mclnbvvarwm0salkzx.sss,False,2025/07/02 17:05:18
mclnacenjw3v7p7mwv,True,2025/07/02 17:05:34
mclniw8tmb8nms1x5t.sss,False,2025/07/02 17:05:42
mclnxdwfdpg6d6vy5f6.ss,True,2025/07/02 17:06:03
mclo0otcab0fp27vrv.lll,True,2025/07/02 17:06:39
mclnbv4and882gh98q,True,2025/07/02 17:06:49
mclo4ivav2gwxlhpwc.000,True,2025/07/02 17:07:46
mclnvqr5bhj8trxh7b.sss,True,2025/07/02 17:08:08
mclnrvzltrywxh6ry2.p77,True,2025/07/02 17:09:53
mclncsw68y86dyh3wu.p77,True,2025/07/02 17:10:03
mclnxg12nslkx6s7x2.ass,True,2025/07/02 17:10:50
mclnupe9cnfgefllez6.ee,True,2025/07/02 17:12:26
mcloaebpimji2fsu2s,True,2025/07/02 17:14:41
mclodv3ut2bst4qqi3.000,True,2025/07/02 17:15:05
mclodkgijophefvlbd,True,2025/07/02 17:15:48
mcloe7cr6y10aoqd75.000,True,2025/07/02 17:20:56
mclomq7keo3wh0bof8.000,True,2025/07/02 17:21:59
mclnbjss06tjhry4a3.i,False,2025/07/02 17:23:39
mclo5kvjtcbj13yygz.777,True,2025/07/02 17:28:57
mclncpm2cci0cd3vp8y.ee,True,2025/07/02 17:31:43
mcloz0b3958shv9gma.i,True,2025/07/02 17:36:02
mclor9l6i406au8p2x.p77,False,2025/07/02 17:38:26
mclp7eg5qfvxk5fw7w,False,2025/07/02 17:43:50
mclpg882lugv6xq36x.sss,False,2025/07/02 17:50:15
mclphsh869xrwnbby6.ass,True,2025/07/02 18:06:50
mclpy1vlpdfd13mxzw.sss,True,2025/07/02 18:14:21
mclpud99swp1cryx8x.wee,True,2025/07/02 18:19:22
mclnyzpx7vklmacyud.ass,False,2025/07/02 18:24:31
mcltqyjvrajhhop1ht.777,True,2025/07/02 19:51:28
