cs_threshold,ucs_threshold,case_label,experiment,condition,condition_tag,cluster,participants,estimate_mean,P(E|C)_pearson,P(E|C)_spearman,P(C|E)_pearson,P(C|E)_spearman,delta_p_pearson,delta_p_spearman,CS_pearson,CS_spearman,UCS_pearson,UCS_spearman,pARIs_pearson,pARIs_spearman,DFH_pearson,DFH_spearman,Dice_pearson,Dice_spearman,CS_diff_pearson,CS_diff_spearman,UCS_diff_pearson,UCS_diff_spearman,CS_ratio_pearson,CS_ratio_spearman,UCS_ratio_pearson,UCS_ratio_spearman,CS_single_pearson,CS_single_spearman,UCS_single_pearson,UCS_single_spearman
1.0,1.0,Cond0_ex2,Online,Asymmetric,Asymmetric_Online,Cluster1,9.0,55.389,0.338,0.316,-0.249,-0.242,-0.28,-0.223,-0.162,-0.105,-0.2,-0.223,0.165,0.198,0.254,0.269,0.165,0.198,,,,,,,,,,,,
1.0,1.0,Cond0_ex2,Online,Asymmetric,Asymmetric_Online,Cluster2,27.0,26.877,-0.478,-0.456,0.387,0.483,0.5,0.487,0.31,0.398,0.347,0.487,0.11,0.116,-0.154,-0.148,0.11,0.116,,,,,,,,,,,,
1.0,1.0,Cond1_ex2,Online,Symmetric,Symmetric_Online,Cluster1,17.0,47.118,-0.636,-0.627,0.661,0.698,0.693,0.683,0.615,0.675,0.636,0.683,0.205,0.206,0.133,0.134,0.205,0.206,-0.67,-0.673,0.303,0.065,0.425,0.242,0.381,0.347,-0.625,-0.563,-0.611,-0.563
1.0,1.0,Cond1_ex2,Online,Symmetric,Symmetric_Online,Cluster2,21.0,20.976,-0.51,-0.588,0.482,0.644,0.519,0.637,0.429,0.583,0.456,0.637,0.081,0.153,-0.028,-0.014,0.081,0.153,-0.514,-0.611,0.157,-0.022,0.442,0.369,0.106,0.184,-0.508,-0.548,-0.505,-0.548
1.0,1.0,Cond0_ex1,Summary,Asymmetric,Asymmetric_Summary,Cluster1,10.0,52.783,-0.009,0.085,0.052,0.115,0.188,0.129,0.089,0.277,0.067,0.129,0.552,0.55,0.301,0.286,0.552,0.55,,,,,,,,,,,,
1.0,1.0,Cond0_ex1,Summary,Asymmetric,Asymmetric_Summary,Cluster2,29.0,40.914,-0.777,-0.677,0.715,0.776,0.807,0.783,0.633,0.694,0.677,0.783,0.194,0.229,-0.058,-0.09,0.194,0.229,,,,,,,,,,,,
1.0,1.0,Cond1_ex1,Summary,Symmetric,Symmetric_Summary,Cluster1,26.0,43.596,-0.879,-0.778,0.811,0.85,0.893,0.844,0.709,0.754,0.761,0.844,0.133,0.175,-0.095,-0.06,0.133,0.175,-0.893,-0.792,0.328,0.217,0.789,0.537,0.172,0.241,-0.879,-0.741,-0.876,-0.741
1.0,1.0,Cond1_ex1,Summary,Symmetric,Symmetric_Summary,Cluster2,5.0,39.233,-0.178,-0.188,0.208,0.347,0.332,0.369,0.227,0.436,0.214,0.369,0.471,0.495,0.242,0.192,0.471,0.495,-0.285,-0.291,0.107,-0.07,0.013,0.137,0.653,0.555,-0.164,-0.079,-0.148,-0.079
0.9,0.9,Cond0_ex2,Online,Asymmetric,Asymmetric_Online,Cluster1,9.0,55.389,0.338,0.316,-0.249,-0.242,-0.28,-0.223,-0.135,-0.043,-0.208,-0.223,0.165,0.198,0.254,0.269,0.165,0.198,,,,,,,,,,,,
0.9,0.9,Cond0_ex2,Online,Asymmetric,Asymmetric_Online,Cluster2,27.0,26.877,-0.478,-0.456,0.387,0.483,0.5,0.487,0.267,0.249,0.356,0.487,0.11,0.116,-0.154,-0.148,0.11,0.116,,,,,,,,,,,,
0.9,0.9,Cond1_ex2,Online,Symmetric,Symmetric_Online,Cluster1,17.0,47.118,-0.636,-0.627,0.661,0.698,0.693,0.683,0.583,0.557,0.64,0.683,0.205,0.206,0.133,0.134,0.205,0.206,-0.63,-0.673,0.681,0.683,0.475,0.242,-0.35,-0.094,-0.602,-0.563,-0.611,-0.563
0.9,0.9,Cond1_ex2,Online,Symmetric,Symmetric_Online,Cluster2,21.0,20.976,-0.51,-0.588,0.482,0.644,0.519,0.637,0.399,0.465,0.461,0.637,0.081,0.153,-0.028,-0.014,0.081,0.153,-0.513,-0.611,0.491,0.637,0.46,0.369,-0.091,-0.048,-0.507,-0.548,-0.506,-0.548
0.9,0.9,Cond0_ex1,Summary,Asymmetric,Asymmetric_Summary,Cluster1,10.0,52.783,-0.009,0.085,0.052,0.115,0.188,0.129,0.077,0.206,0.07,0.129,0.552,0.55,0.301,0.286,0.552,0.55,,,,,,,,,,,,
0.9,0.9,Cond0_ex1,Summary,Asymmetric,Asymmetric_Summary,Cluster2,29.0,40.914,-0.777,-0.677,0.715,0.776,0.807,0.783,0.582,0.57,0.686,0.783,0.194,0.229,-0.058,-0.09,0.194,0.229,,,,,,,,,,,,
0.9,0.9,Cond1_ex1,Summary,Symmetric,Symmetric_Summary,Cluster1,26.0,43.596,-0.879,-0.778,0.811,0.85,0.893,0.844,0.652,0.615,0.77,0.844,0.133,0.175,-0.095,-0.06,0.133,0.175,-0.893,-0.831,0.86,0.844,0.82,0.498,-0.048,0.027,-0.881,-0.741,-0.877,-0.741
0.9,0.9,Cond1_ex1,Summary,Symmetric,Symmetric_Summary,Cluster2,5.0,39.233,-0.178,-0.188,0.208,0.347,0.332,0.369,0.202,0.291,0.215,0.369,0.471,0.495,0.242,0.192,0.471,0.495,-0.219,-0.315,0.227,0.369,0.093,0.113,-0.628,-0.48,-0.151,-0.079,-0.143,-0.079
0.8,0.8,Cond0_ex2,Online,Asymmetric,Asymmetric_Online,Cluster1,9.0,55.389,0.338,0.316,-0.249,-0.242,-0.28,-0.223,-0.076,0.045,-0.213,-0.223,0.165,0.198,0.254,0.269,0.165,0.198,,,,,,,,,,,,
0.8,0.8,Cond0_ex2,Online,Asymmetric,Asymmetric_Online,Cluster2,27.0,26.877,-0.478,-0.456,0.387,0.483,0.5,0.487,0.191,0.175,0.367,0.487,0.11,0.116,-0.154,-0.148,0.11,0.116,,,,,,,,,,,,
0.8,0.8,Cond1_ex2,Online,Symmetric,Symmetric_Online,Cluster1,17.0,47.118,-0.636,-0.627,0.661,0.698,0.693,0.683,0.53,0.529,0.644,0.683,0.205,0.206,0.133,0.134,0.205,0.206,-0.615,-0.673,0.637,0.673,0.46,0.222,-0.234,-0.114,-0.588,-0.563,-0.594,-0.563
0.8,0.8,Cond1_ex2,Online,Symmetric,Symmetric_Online,Cluster2,21.0,20.976,-0.51,-0.588,0.482,0.644,0.519,0.637,0.342,0.389,0.468,0.637,0.081,0.153,-0.028,-0.014,0.081,0.153,-0.511,-0.611,0.465,0.611,0.447,0.347,0.004,-0.07,-0.503,-0.548,-0.501,-0.548
0.8,0.8,Cond0_ex1,Summary,Asymmetric,Asymmetric_Summary,Cluster1,10.0,52.783,-0.009,0.085,0.052,0.115,0.188,0.129,0.08,0.28,0.07,0.129,0.552,0.55,0.301,0.286,0.552,0.55,,,,,,,,,,,,
0.8,0.8,Cond0_ex1,Summary,Asymmetric,Asymmetric_Summary,Cluster2,29.0,40.914,-0.777,-0.677,0.715,0.776,0.807,0.783,0.484,0.42,0.698,0.783,0.194,0.229,-0.058,-0.09,0.194,0.229,,,,,,,,,,,,
0.8,0.8,Cond1_ex1,Summary,Symmetric,Symmetric_Summary,Cluster1,26.0,43.596,-0.879,-0.778,0.811,0.85,0.893,0.844,0.547,0.486,0.781,0.844,0.133,0.175,-0.095,-0.06,0.133,0.175,-0.89,-0.792,0.778,0.844,0.802,0.498,0.065,0.015,-0.878,-0.741,-0.87,-0.741
0.8,0.8,Cond1_ex1,Summary,Symmetric,Symmetric_Summary,Cluster2,5.0,39.233,-0.178,-0.188,0.208,0.347,0.332,0.369,0.19,0.334,0.217,0.369,0.471,0.495,0.242,0.192,0.471,0.495,-0.19,-0.291,0.17,0.369,0.105,0.113,-0.598,-0.534,-0.139,-0.079,-0.119,-0.079
0.7,0.7,Cond0_ex2,Online,Asymmetric,Asymmetric_Online,Cluster1,9.0,55.389,0.338,0.316,-0.249,-0.242,-0.28,-0.223,0.017,0.077,-0.223,-0.223,0.165,0.198,0.254,0.269,0.165,0.198,,,,,,,,,,,,
0.7,0.7,Cond0_ex2,Online,Asymmetric,Asymmetric_Online,Cluster2,27.0,26.877,-0.478,-0.456,0.387,0.483,0.5,0.487,0.072,0.041,0.382,0.487,0.11,0.116,-0.154,-0.148,0.11,0.116,,,,,,,,,,,,
0.7,0.7,Cond1_ex2,Online,Symmetric,Symmetric_Online,Cluster1,17.0,47.118,-0.636,-0.627,0.661,0.698,0.693,0.683,0.428,0.392,0.649,0.683,0.205,0.206,0.133,0.134,0.205,0.206,-0.61,-0.563,0.635,0.553,0.373,0.222,-0.284,-0.094,-0.588,-0.563,-0.594,-0.563
0.7,0.7,Cond1_ex2,Online,Symmetric,Symmetric_Online,Cluster2,21.0,20.976,-0.51,-0.588,0.482,0.644,0.519,0.637,0.24,0.249,0.476,0.637,0.081,0.153,-0.028,-0.014,0.081,0.153,-0.51,-0.548,0.473,0.552,0.39,0.347,-0.039,-0.048,-0.503,-0.548,-0.5,-0.548
0.7,0.7,Cond0_ex1,Summary,Asymmetric,Asymmetric_Summary,Cluster1,10.0,52.783,-0.009,0.085,0.052,0.115,0.188,0.129,0.088,0.137,0.079,0.129,0.552,0.55,0.301,0.286,0.552,0.55,,,,,,,,,,,,
0.7,0.7,Cond0_ex1,Summary,Asymmetric,Asymmetric_Summary,Cluster2,29.0,40.914,-0.777,-0.677,0.715,0.776,0.807,0.783,0.317,0.234,0.716,0.783,0.194,0.229,-0.058,-0.09,0.194,0.229,,,,,,,,,,,,
0.7,0.7,Cond1_ex1,Summary,Symmetric,Symmetric_Summary,Cluster1,26.0,43.596,-0.879,-0.778,0.811,0.85,0.893,0.844,0.36,0.307,0.799,0.844,0.133,0.175,-0.095,-0.06,0.133,0.175,-0.887,-0.741,0.798,0.844,0.7,0.498,-0.092,0.015,-0.875,-0.741,-0.87,-0.741
0.7,0.7,Cond1_ex1,Summary,Symmetric,Symmetric_Summary,Cluster2,5.0,39.233,-0.178,-0.188,0.208,0.347,0.332,0.369,0.171,0.165,0.225,0.369,0.471,0.495,0.242,0.192,0.471,0.495,-0.169,-0.079,0.18,0.369,0.096,0.113,-0.637,-0.534,-0.129,-0.079,-0.126,-0.079
0.6,0.6,Cond0_ex2,Online,Asymmetric,Asymmetric_Online,Cluster1,9.0,55.389,0.338,0.316,-0.249,-0.242,-0.28,-0.223,0.133,0.077,-0.231,-0.223,0.165,0.198,0.254,0.269,0.165,0.198,,,,,,,,,,,,
0.6,0.6,Cond0_ex2,Online,Asymmetric,Asymmetric_Online,Cluster2,27.0,26.877,-0.478,-0.456,0.387,0.483,0.5,0.487,-0.083,0.041,0.403,0.487,0.11,0.116,-0.154,-0.148,0.11,0.116,,,,,,,,,,,,
0.6,0.6,Cond1_ex2,Online,Symmetric,Symmetric_Online,Cluster1,17.0,47.118,-0.636,-0.627,0.661,0.698,0.693,0.683,0.261,0.392,0.656,0.683,0.205,0.206,0.133,0.134,0.205,0.206,-0.606,-0.563,0.649,0.683,0.123,0.302,-0.541,-0.094,-0.588,-0.563,-0.594,-0.563
0.6,0.6,Cond1_ex2,Online,Symmetric,Symmetric_Online,Cluster2,21.0,20.976,-0.51,-0.588,0.482,0.644,0.519,0.637,0.089,0.249,0.487,0.637,0.081,0.153,-0.028,-0.014,0.081,0.153,-0.508,-0.548,0.51,0.637,0.049,0.321,-0.282,-0.048,-0.502,-0.548,-0.499,-0.548
0.6,0.6,Cond0_ex1,Summary,Asymmetric,Asymmetric_Summary,Cluster1,10.0,52.783,-0.009,0.085,0.052,0.115,0.188,0.129,0.102,0.137,0.096,0.129,0.552,0.55,0.301,0.286,0.552,0.55,,,,,,,,,,,,
0.6,0.6,Cond0_ex1,Summary,Asymmetric,Asymmetric_Summary,Cluster2,29.0,40.914,-0.777,-0.677,0.715,0.776,0.807,0.783,0.081,0.234,0.74,0.783,0.194,0.229,-0.058,-0.09,0.194,0.229,,,,,,,,,,,,
0.6,0.6,Cond1_ex1,Summary,Symmetric,Symmetric_Summary,Cluster1,26.0,43.596,-0.879,-0.778,0.811,0.85,0.893,0.844,0.099,0.307,0.821,0.844,0.133,0.175,-0.095,-0.06,0.133,0.175,-0.882,-0.741,0.877,0.844,0.033,0.476,-0.474,0.027,-0.872,-0.741,-0.866,-0.741
0.6,0.6,Cond1_ex1,Summary,Symmetric,Symmetric_Summary,Cluster2,5.0,39.233,-0.178,-0.188,0.208,0.347,0.332,0.369,0.14,0.165,0.241,0.369,0.471,0.495,0.242,0.192,0.471,0.495,-0.153,-0.079,0.201,0.369,0.017,0.093,-0.646,-0.48,-0.121,-0.079,-0.117,-0.079
0.5,0.5,Cond0_ex2,Online,Asymmetric,Asymmetric_Online,Cluster1,9.0,55.389,0.338,0.316,-0.249,-0.242,-0.28,-0.223,0.256,0.331,-0.241,-0.223,0.165,0.198,0.254,0.269,0.165,0.198,,,,,,,,,,,,
0.5,0.5,Cond0_ex2,Online,Asymmetric,Asymmetric_Online,Cluster2,27.0,26.877,-0.478,-0.456,0.387,0.483,0.5,0.487,-0.248,-0.257,0.426,0.487,0.11,0.116,-0.154,-0.148,0.11,0.116,,,,,,,,,,,,
0.5,0.5,Cond1_ex2,Online,Symmetric,Symmetric_Online,Cluster1,17.0,47.118,-0.636,-0.627,0.661,0.698,0.693,0.683,0.037,-0.025,0.661,0.683,0.205,0.206,0.133,0.134,0.205,0.206,-0.608,-0.563,0.382,0.332,0.129,0.262,0.649,0.683,-0.586,-0.563,-0.593,-0.563
0.5,0.5,Cond1_ex2,Online,Symmetric,Symmetric_Online,Cluster2,21.0,20.976,-0.51,-0.588,0.482,0.644,0.519,0.637,-0.098,-0.161,0.498,0.637,0.081,0.153,-0.028,-0.014,0.081,0.153,-0.506,-0.548,0.387,0.411,0.018,0.164,0.429,0.637,-0.499,-0.548,-0.499,-0.548
0.5,0.5,Cond0_ex1,Summary,Asymmetric,Asymmetric_Summary,Cluster1,10.0,52.783,-0.009,0.085,0.052,0.115,0.188,0.129,0.116,0.285,0.115,0.129,0.552,0.55,0.301,0.286,0.552,0.55,,,,,,,,,,,,
0.5,0.5,Cond0_ex1,Summary,Asymmetric,Asymmetric_Summary,Cluster2,29.0,40.914,-0.777,-0.677,0.715,0.776,0.807,0.783,-0.217,-0.267,0.765,0.783,0.194,0.229,-0.058,-0.09,0.194,0.229,,,,,,,,,,,,
0.5,0.5,Cond1_ex1,Summary,Symmetric,Symmetric_Summary,Cluster1,26.0,43.596,-0.879,-0.778,0.811,0.85,0.893,0.844,-0.232,-0.256,0.846,0.844,0.133,0.175,-0.095,-0.06,0.133,0.175,-0.876,-0.741,0.708,0.537,-0.031,0.217,0.749,0.844,-0.868,-0.741,-0.865,-0.741
0.5,0.5,Cond1_ex1,Summary,Symmetric,Symmetric_Summary,Cluster2,5.0,39.233,-0.178,-0.188,0.208,0.347,0.332,0.369,0.096,0.13,0.263,0.369,0.471,0.495,0.242,0.192,0.471,0.495,-0.139,-0.079,0.141,0.137,-0.033,-0.07,0.532,0.369,-0.115,-0.079,-0.114,-0.079
0.4,0.4,Cond0_ex2,Online,Asymmetric,Asymmetric_Online,Cluster1,9.0,55.389,0.338,0.316,-0.249,-0.242,-0.28,-0.223,0.355,0.359,-0.246,-0.223,0.165,0.198,0.254,0.269,0.165,0.198,,,,,,,,,,,,
0.4,0.4,Cond0_ex2,Online,Asymmetric,Asymmetric_Online,Cluster2,27.0,26.877,-0.478,-0.456,0.387,0.483,0.5,0.487,-0.389,-0.412,0.436,0.487,0.11,0.116,-0.154,-0.148,0.11,0.116,,,,,,,,,,,,
0.4,0.4,Cond1_ex2,Online,Symmetric,Symmetric_Online,Cluster1,17.0,47.118,-0.636,-0.627,0.661,0.698,0.693,0.683,-0.213,-0.231,0.664,0.683,0.205,0.206,0.133,0.134,0.205,0.206,-0.6,-0.563,-0.505,-0.392,0.423,0.27,0.677,0.683,-0.583,-0.563,-0.601,-0.563
0.4,0.4,Cond1_ex2,Online,Symmetric,Symmetric_Online,Cluster2,21.0,20.976,-0.51,-0.588,0.482,0.644,0.519,0.637,-0.285,-0.343,0.502,0.637,0.081,0.153,-0.028,-0.014,0.081,0.153,-0.501,-0.548,-0.307,-0.249,0.267,0.218,0.476,0.637,-0.496,-0.548,-0.502,-0.548
0.4,0.4,Cond0_ex1,Summary,Asymmetric,Asymmetric_Summary,Cluster1,10.0,52.783,-0.009,0.085,0.052,0.115,0.188,0.129,0.131,0.168,0.119,0.129,0.552,0.55,0.301,0.286,0.552,0.55,,,,,,,,,,,,
0.4,0.4,Cond0_ex1,Summary,Asymmetric,Asymmetric_Summary,Cluster2,29.0,40.914,-0.777,-0.677,0.715,0.776,0.807,0.783,-0.478,-0.482,0.775,0.783,0.194,0.229,-0.058,-0.09,0.194,0.229,,,,,,,,,,,,
0.4,0.4,Cond1_ex1,Summary,Symmetric,Symmetric_Summary,Cluster1,26.0,43.596,-0.879,-0.778,0.811,0.85,0.893,0.844,-0.535,-0.485,0.855,0.844,0.133,0.175,-0.095,-0.06,0.133,0.175,-0.866,-0.741,-0.465,-0.307,0.412,0.306,0.83,0.844,-0.859,-0.741,-0.865,-0.741
0.4,0.4,Cond1_ex1,Summary,Symmetric,Symmetric_Summary,Cluster2,5.0,39.233,-0.178,-0.188,0.208,0.347,0.332,0.369,0.041,-0.059,0.271,0.369,0.471,0.495,0.242,0.192,0.471,0.495,-0.118,-0.079,-0.202,-0.165,0.04,-0.137,0.463,0.369,-0.099,-0.079,-0.112,-0.079
0.3,0.3,Cond0_ex2,Online,Asymmetric,Asymmetric_Online,Cluster1,9.0,55.389,0.338,0.316,-0.249,-0.242,-0.28,-0.223,0.394,0.384,-0.244,-0.223,0.165,0.198,0.254,0.269,0.165,0.198,,,,,,,,,,,,
0.3,0.3,Cond0_ex2,Online,Asymmetric,Asymmetric_Online,Cluster2,27.0,26.877,-0.478,-0.456,0.387,0.483,0.5,0.487,-0.445,-0.41,0.441,0.487,0.11,0.116,-0.154,-0.148,0.11,0.116,,,,,,,,,,,,
0.3,0.3,Cond1_ex2,Online,Symmetric,Symmetric_Online,Cluster1,17.0,47.118,-0.636,-0.627,0.661,0.698,0.693,0.683,-0.381,-0.309,0.669,0.683,0.205,0.206,0.133,0.134,0.205,0.206,-0.594,-0.563,-0.628,-0.683,0.505,0.388,0.693,0.683,-0.576,-0.563,-0.608,-0.563
0.3,0.3,Cond1_ex2,Online,Symmetric,Symmetric_Online,Cluster2,21.0,20.976,-0.51,-0.588,0.482,0.644,0.519,0.637,-0.396,-0.381,0.503,0.637,0.081,0.153,-0.028,-0.014,0.081,0.153,-0.496,-0.548,-0.443,-0.637,0.346,0.336,0.494,0.637,-0.49,-0.548,-0.506,-0.548
0.3,0.3,Cond0_ex1,Summary,Asymmetric,Asymmetric_Summary,Cluster1,10.0,52.783,-0.009,0.085,0.052,0.115,0.188,0.129,0.149,0.227,0.132,0.129,0.552,0.55,0.301,0.286,0.552,0.55,,,,,,,,,,,,
0.3,0.3,Cond0_ex1,Summary,Asymmetric,Asymmetric_Summary,Cluster2,29.0,40.914,-0.777,-0.677,0.715,0.776,0.807,0.783,-0.627,-0.474,0.78,0.783,0.194,0.229,-0.058,-0.09,0.194,0.229,,,,,,,,,,,,
0.3,0.3,Cond1_ex1,Summary,Symmetric,Symmetric_Summary,Cluster1,26.0,43.596,-0.879,-0.778,0.811,0.85,0.893,0.844,-0.714,-0.523,0.855,0.844,0.133,0.175,-0.095,-0.06,0.133,0.175,-0.856,-0.741,-0.75,-0.844,0.553,0.446,0.853,0.844,-0.848,-0.741,-0.871,-0.741
0.3,0.3,Cond1_ex1,Summary,Symmetric,Symmetric_Summary,Cluster2,5.0,39.233,-0.178,-0.188,0.208,0.347,0.332,0.369,0.01,-0.025,0.256,0.369,0.471,0.495,0.242,0.192,0.471,0.495,-0.103,-0.079,-0.253,-0.369,0.078,0.008,0.441,0.369,-0.081,-0.079,-0.128,-0.079
0.2,0.2,Cond0_ex2,Online,Asymmetric,Asymmetric_Online,Cluster1,9.0,55.389,0.338,0.316,-0.249,-0.242,-0.28,-0.223,0.395,0.374,-0.257,-0.223,0.165,0.198,0.254,0.269,0.165,0.198,,,,,,,,,,,,
0.2,0.2,Cond0_ex2,Online,Asymmetric,Asymmetric_Online,Cluster2,27.0,26.877,-0.478,-0.456,0.387,0.483,0.5,0.487,-0.447,-0.414,0.442,0.487,0.11,0.116,-0.154,-0.148,0.11,0.116,,,,,,,,,,,,
0.2,0.2,Cond1_ex2,Online,Symmetric,Symmetric_Online,Cluster1,17.0,47.118,-0.636,-0.627,0.661,0.698,0.693,0.683,-0.459,-0.475,0.639,0.683,0.205,0.206,0.133,0.134,0.205,0.206,-0.578,-0.563,-0.657,-0.683,0.532,0.388,0.7,0.683,-0.56,-0.563,-0.614,-0.563
0.2,0.2,Cond1_ex2,Online,Symmetric,Symmetric_Online,Cluster2,21.0,20.976,-0.51,-0.588,0.482,0.644,0.519,0.637,-0.437,-0.484,0.499,0.637,0.081,0.153,-0.028,-0.014,0.081,0.153,-0.486,-0.548,-0.481,-0.637,0.367,0.336,0.5,0.637,-0.479,-0.548,-0.509,-0.548
0.2,0.2,Cond0_ex1,Summary,Asymmetric,Asymmetric_Summary,Cluster1,10.0,52.783,-0.009,0.085,0.052,0.115,0.188,0.129,0.165,0.239,0.125,0.129,0.552,0.55,0.301,0.286,0.552,0.55,,,,,,,,,,,,
0.2,0.2,Cond0_ex1,Summary,Asymmetric,Asymmetric_Summary,Cluster2,29.0,40.914,-0.777,-0.677,0.715,0.776,0.807,0.783,-0.674,-0.558,0.779,0.783,0.194,0.229,-0.058,-0.09,0.194,0.229,,,,,,,,,,,,
0.2,0.2,Cond1_ex1,Summary,Symmetric,Symmetric_Summary,Cluster1,26.0,43.596,-0.879,-0.778,0.811,0.85,0.893,0.844,-0.772,-0.651,0.859,0.844,0.133,0.175,-0.095,-0.06,0.133,0.175,-0.841,-0.741,-0.817,-0.844,0.597,0.446,0.866,0.844,-0.831,-0.741,-0.88,-0.741
0.2,0.2,Cond1_ex1,Summary,Symmetric,Symmetric_Summary,Cluster2,5.0,39.233,-0.178,-0.188,0.208,0.347,0.332,0.369,0.004,-0.035,0.264,0.369,0.471,0.495,0.242,0.192,0.471,0.495,-0.079,-0.079,-0.257,-0.369,0.092,0.008,0.421,0.369,-0.058,-0.079,-0.148,-0.079
0.1,0.1,Cond0_ex2,Online,Asymmetric,Asymmetric_Online,Cluster1,9.0,55.389,0.338,0.316,-0.249,-0.242,-0.28,-0.223,0.388,0.374,-0.26,-0.223,0.165,0.198,0.254,0.269,0.165,0.198,,,,,,,,,,,,
0.1,0.1,Cond0_ex2,Online,Asymmetric,Asymmetric_Online,Cluster2,27.0,26.877,-0.478,-0.456,0.387,0.483,0.5,0.487,-0.419,-0.414,0.484,0.487,0.11,0.116,-0.154,-0.148,0.11,0.116,,,,,,,,,,,,
0.1,0.1,Cond1_ex2,Online,Symmetric,Symmetric_Online,Cluster1,17.0,47.118,-0.636,-0.627,0.661,0.698,0.693,0.683,-0.468,-0.475,0.607,0.573,0.205,0.206,0.133,0.134,0.205,0.206,-0.549,-0.563,-0.668,-0.683,0.546,0.27,0.697,0.683,-0.53,-0.563,-0.619,-0.563
0.1,0.1,Cond1_ex2,Online,Symmetric,Symmetric_Online,Cluster2,21.0,20.976,-0.51,-0.588,0.482,0.644,0.519,0.637,-0.434,-0.484,0.49,0.574,0.081,0.153,-0.028,-0.014,0.081,0.153,-0.468,-0.548,-0.495,-0.637,0.374,0.218,0.494,0.637,-0.46,-0.548,-0.513,-0.548
0.1,0.1,Cond0_ex1,Summary,Asymmetric,Asymmetric_Summary,Cluster1,10.0,52.783,-0.009,0.085,0.052,0.115,0.188,0.129,0.203,0.239,0.083,0.129,0.552,0.55,0.301,0.286,0.552,0.55,,,,,,,,,,,,
0.1,0.1,Cond0_ex1,Summary,Asymmetric,Asymmetric_Summary,Cluster2,29.0,40.914,-0.777,-0.677,0.715,0.776,0.807,0.783,-0.655,-0.558,0.78,0.783,0.194,0.229,-0.058,-0.09,0.194,0.229,,,,,,,,,,,,
0.1,0.1,Cond1_ex1,Summary,Symmetric,Symmetric_Summary,Cluster1,26.0,43.596,-0.879,-0.778,0.811,0.85,0.893,0.844,-0.762,-0.651,0.819,0.844,0.133,0.175,-0.095,-0.06,0.133,0.175,-0.807,-0.741,-0.837,-0.844,0.608,0.306,0.861,0.844,-0.797,-0.741,-0.888,-0.741
0.1,0.1,Cond1_ex1,Summary,Symmetric,Symmetric_Summary,Cluster2,5.0,39.233,-0.178,-0.188,0.208,0.347,0.332,0.369,0.028,-0.035,0.243,0.369,0.471,0.495,0.242,0.192,0.471,0.495,-0.031,-0.079,-0.255,-0.369,0.115,-0.137,0.429,0.369,-0.015,-0.079,-0.171,-0.079
0.01,0.01,Cond0_ex2,Online,Asymmetric,Asymmetric_Online,Cluster1,9.0,55.389,0.338,0.316,-0.249,-0.242,-0.28,-0.223,0.371,0.374,0.135,0.082,0.165,0.198,0.254,0.269,0.165,0.198,,,,,,,,,,,,
0.01,0.01,Cond0_ex2,Online,Asymmetric,Asymmetric_Online,Cluster2,27.0,26.877,-0.478,-0.456,0.387,0.483,0.5,0.487,-0.316,-0.414,-0.06,0.145,0.11,0.116,-0.154,-0.148,0.11,0.116,,,,,,,,,,,,
0.01,0.01,Cond1_ex2,Online,Symmetric,Symmetric_Online,Cluster1,17.0,47.118,-0.636,-0.627,0.661,0.698,0.693,0.683,-0.347,-0.475,-0.515,-0.539,0.205,0.206,0.133,0.134,0.205,0.206,-0.429,-0.475,-0.673,-0.683,0.564,0.27,0.682,0.683,-0.407,-0.475,-0.618,-0.563
0.01,0.01,Cond1_ex2,Online,Symmetric,Symmetric_Online,Cluster2,21.0,20.976,-0.51,-0.588,0.482,0.644,0.519,0.637,-0.346,-0.484,-0.317,-0.385,0.081,0.153,-0.028,-0.014,0.081,0.153,-0.391,-0.484,-0.504,-0.637,0.383,0.218,0.51,0.637,-0.379,-0.484,-0.508,-0.548
0.01,0.01,Cond0_ex1,Summary,Asymmetric,Asymmetric_Summary,Cluster1,10.0,52.783,-0.009,0.085,0.052,0.115,0.188,0.129,0.332,0.239,0.059,0.002,0.552,0.55,0.301,0.286,0.552,0.55,,,,,,,,,,,,
0.01,0.01,Cond0_ex1,Summary,Asymmetric,Asymmetric_Summary,Cluster2,29.0,40.914,-0.777,-0.677,0.715,0.776,0.807,0.783,-0.5,-0.558,0.097,0.382,0.194,0.229,-0.058,-0.09,0.194,0.229,,,,,,,,,,,,
0.01,0.01,Cond1_ex1,Summary,Symmetric,Symmetric_Summary,Cluster1,26.0,43.596,-0.879,-0.778,0.811,0.85,0.893,0.844,-0.611,-0.651,0.185,0.496,0.133,0.175,-0.095,-0.06,0.133,0.175,-0.679,-0.651,-0.863,-0.844,0.624,0.306,0.872,0.844,-0.656,-0.651,-0.888,-0.741
0.01,0.01,Cond1_ex1,Summary,Symmetric,Symmetric_Summary,Cluster2,5.0,39.233,-0.178,-0.188,0.208,0.347,0.332,0.369,0.157,-0.035,0.255,0.22,0.471,0.495,0.242,0.192,0.471,0.495,0.1,-0.035,-0.275,-0.369,0.138,-0.137,0.406,0.369,0.121,-0.035,-0.182,-0.079
