id,user_id,path_type,timestamp
1,mcll4ctj75ys035ren.wee,order1,2025-07-02 15:37:43
2,mcll4bmhw0znkuzj99.sss,order2,2025-07-02 15:37:53
3,mcll4p2b9leju4ephg.p77,order1,2025-07-02 15:37:57
4,mcll4n3wt9ipkfycdu,order2,2025-07-02 15:37:58
5,mcll4n2b2cv9a9bdsk,order1,2025-07-02 15:37:58
6,mcll4qx9fuj8krv92g.wee,order2,2025-07-02 15:37:59
7,mcll4rmr92dljfi9xm.p77,order1,2025-07-02 15:38:02
8,mcll50bcy1zv872u86.lll,order2,2025-07-02 15:38:11
9,mclkxfz3rgz1pibicz.sss,order1,2025-07-02 15:38:15
10,mcll52ujpq0yf77ww4,order2,2025-07-02 15:38:16
11,mcll5335u98sk4zlq7,order1,2025-07-02 15:38:17
12,mcll536jdxqux7nntq,order2,2025-07-02 15:38:20
13,mcll56sd75db8qaxqx,order1,2025-07-02 15:38:21
14,mcll5aimswpxusnyiu.lll,order2,2025-07-02 15:38:25
15,mcll5az7vbgbiykzed,order1,2025-07-02 15:38:25
16,mcll5c1wv85unn3sp0.eee,order2,2025-07-02 15:38:27
17,mcll5d8gtm7gpvejzy.eee,order1,2025-07-02 15:38:29
18,mcll5i6tngqzd7yacu,order2,2025-07-02 15:38:36
19,mcll5irw6hyl31z7h7.sss,order1,2025-07-02 15:38:37
20,mcll5l2iepz2wdz81b,order2,2025-07-02 15:38:40
21,mcll5m85olyfjj0k90,order1,2025-07-02 15:38:41
22,mcll5n2tno4ajmj2cj.sss,order2,2025-07-02 15:38:42
23,mcll5orr7i85sm6ff1,order1,2025-07-02 15:38:45
24,mcll5ry0686i2m8pyy.i,order2,2025-07-02 15:38:47
25,mcll5qde7ncrwb4o7g.p77,order1,2025-07-02 15:38:48
26,mcll5sdelpjgyxvgdp.eee,order2,2025-07-02 15:38:49
27,mcll53kpea68dgzp2d.p77,order1,2025-07-02 15:38:51
28,mcll5okpk1va7imcs8.777,order2,2025-07-02 15:38:52
29,mcll60xnwtjce72n1l.777,order1,2025-07-02 15:39:00
30,mcll64y6b4oezqkjc9,order2,2025-07-02 15:39:06
31,mcll65gjnnb9ef7xfxz,order1,2025-07-02 15:39:07
32,mcll65paquk3clg5sn,order2,2025-07-02 15:39:07
33,mcll67un6dq3qzcvqy.3ll,order1,2025-07-02 15:39:09
34,mcll6dvwzwl1v1q0ti.777,order2,2025-07-02 15:39:12
35,mcll69r400de3351rn.3ll,order1,2025-07-02 15:39:12
36,mcll69xpg7665ebw41.sss,order2,2025-07-02 15:39:12
37,mcll69xvddcgubiz4f,order1,2025-07-02 15:39:12
38,mcll6afnfrq9o2x0jk.777,order2,2025-07-02 15:39:13
39,mcll6bmok1n0njv0ab.eee,order1,2025-07-02 15:39:14
40,mcll6gl3azf90l1dyb.wee,order2,2025-07-02 15:39:22
41,mcll6i5ndu9zsn77sq.lll,order1,2025-07-02 15:39:22
42,mcll6io834fgdcmx9b.eee,order2,2025-07-02 15:39:23
43,mcll6mdnk1wikjyben,order1,2025-07-02 15:39:28
44,mcll63uzmmcu60sol7,order2,2025-07-02 15:39:28
45,mcll6mq56tw3b0relv.p77,order1,2025-07-02 15:39:29
46,mcll6mo2fmxw9hy2cr.i,order2,2025-07-02 15:39:30
47,mcll6o8fsheywxs2bg.ass,order1,2025-07-02 15:39:30
48,mcll6pqayp5g03ajyy.lll,order2,2025-07-02 15:39:33
49,mcll6pjb5sht5l4grc.eee,order1,2025-07-02 15:39:33
50,mcll6x95i4b8ac15l6.eee,order2,2025-07-02 15:39:42
51,mcll7edcq3bpx0q09y,order1,2025-07-02 15:39:52
52,mcll74m49tz5dbzdvw.i,order2,2025-07-02 15:39:52
53,mcll74eoaxj4gdji59.777,order1,2025-07-02 15:39:54
54,mcll75x1khrd37rv6o.3ll,order2,2025-07-02 15:39:54
55,mcll76hmkawor99cez.i,order1,2025-07-02 15:39:56
56,mcll7awiiqdirr6496.p77,order2,2025-07-02 15:39:58
57,mcll7c21qd9v2guhtr,order1,2025-07-02 15:40:02
58,mcll7ctpzp56tf8wu2,order2,2025-07-02 15:40:03
59,mcll53y5mokezfxqsl.3ll,order1,2025-07-02 15:40:04
60,mcll7g1wnjo34rftxf,order2,2025-07-02 15:40:07
61,mcll7fvxc800uiqgo8.eee,order1,2025-07-02 15:40:07
62,mcll7k4xxus6re6pgl.sss,order2,2025-07-02 15:40:11
63,mcll7huybpfp4y5wgj,order1,2025-07-02 15:40:14
64,mcll7my7at5u4pncux,order2,2025-07-02 15:40:18
65,mcll7o7izxwcup5a2m,order1,2025-07-02 15:40:18
66,mcll7l8t73kp42x45p,order2,2025-07-02 15:40:19
67,mcll7roqioitd7jxqt.p77,order1,2025-07-02 15:40:22
68,mcll7ssqm0fpuv40rq.eee,order2,2025-07-02 15:40:24
69,mcll7tv1j8mkkl5684,order1,2025-07-02 15:40:25
70,mcll7ucumfq161wvm0.sss,order2,2025-07-02 15:40:25
71,mcll7xcpe3xxlwp8ze.i,order1,2025-07-02 15:40:30
72,mcll7z4qczwymqcdkx.i,order2,2025-07-02 15:40:32
73,mcll84yq3c7p4tyfc3.sss,order1,2025-07-02 15:40:39
74,mcll866ye6pylz01bw.ass,order2,2025-07-02 15:40:40
75,mcll86pp7xanndb8wj.i,order1,2025-07-02 15:40:41
76,mcll88l4qcxkx40mm3k.ee,order2,2025-07-02 15:40:45
77,mcll8j4hhna0cjf4h7.lll,order1,2025-07-02 15:40:55
78,mcll8igionx3zx5igc.sss,order2,2025-07-02 15:40:57
79,mcll8qiatel5yqpclxq,order1,2025-07-02 15:41:07
80,mcll9pp4h1gfdq6330.777,order2,2025-07-02 15:41:52
81,mclla4g5vquediuf89d.i,order1,2025-07-02 15:42:12
82,mcllb27o8tzti74md4,order2,2025-07-02 15:42:56
83,mcllag1fzlihejt9uo.p77,order1,2025-07-02 15:43:06
84,mcllbat1t0udyejp68.ass,order2,2025-07-02 15:43:07
85,mcllbbdxglsrr4ouk3.wee,order1,2025-07-02 15:43:08
86,mcllc2b6t7ytoskbnv,order2,2025-07-02 15:43:36
87,mcllci79nopymd7qbk.sss,order1,2025-07-02 15:44:04
88,mcllcs7ec11q9tcwbm.i,order2,2025-07-02 15:44:19
89,mclldfjef7659272y2.sss,order1,2025-07-02 15:44:46
90,mclldxvsmo35k8j2cy,order2,2025-07-02 15:45:07
91,mclldzm9rzls0ymtxr.3ll,order1,2025-07-02 15:45:11
92,mclldmkzp3xzpq2lkk.i,order2,2025-07-02 15:45:12
93,mclle2spltt3ajqc4m.wee,order1,2025-07-02 15:45:17
94,mcllegdr0rb3wv31m4.3ll,order2,2025-07-02 15:45:34
95,mcllfwq1mhlrbe5ga1.777,order1,2025-07-02 15:46:42
96,mcllggn3tj8budljfi,order2,2025-07-02 15:47:09
97,mcllguv9x4e4hzt9q4.3ll,order1,2025-07-02 15:47:25
98,mcllhtswk2ekv8wshn.eee,order2,2025-07-02 15:48:08
99,mcllibvr9e05yx24fh.i,order1,2025-07-02 15:48:36
100,mcllldkue64p2zj1l3.lll,order2,2025-07-02 15:50:53
101,mcllm5t1mi2e7z7ywo.3ll,order1,2025-07-02 15:51:34
102,mcllmuryujcal0yqid.lll,order2,2025-07-02 15:52:40
103,mcllmap6dy1q2pjwoh,order1,2025-07-02 15:53:26
104,mcllpd3f2mx4jqqwww.eee,order2,2025-07-02 15:54:03
105,mcllpifgvj82skgv0j,order1,2025-07-02 15:54:10
106,mcllrghza5ib1834wz.777,order2,2025-07-02 15:55:40
107,mclls7o0qjtremkpi1.000,order1,2025-07-02 15:56:16
108,mcllsjmj8gfd7jvbjf,order2,2025-07-02 15:56:31
109,mcllt9nxtj3fxep60p,order1,2025-07-02 15:57:05
110,mclludjmusch50j9lv,order2,2025-07-02 15:57:57
111,mcllv4m90m0sa7y0bbx.ll,order1,2025-07-02 15:58:33
112,mcllvnlawv0ukr8z2r,order2,2025-07-02 15:58:56
113,mcllxmwnl5s6v7za3w.3ll,order1,2025-07-02 16:00:29
114,mclly3rvc8smsr6a1a.lll,order2,2025-07-02 16:00:30
115,mcmv3k79c61u7ugyx1,order1,2025-07-02 16:01:37
116,mcllz6prnmxsed7js2.ass,order2,2025-07-02 16:01:41
117,mcllzgxg5maq17u5nc,order1,2025-07-02 16:01:56
118,mclm08q7rknfvd271a.i,order2,2025-07-02 16:02:30
119,mclm3nkm6iaxoft5xt.ass,order1,2025-07-02 16:05:09
120,mclm40c7io87bchvzx.p77,order2,2025-07-02 16:05:26
121,mclmeekysi90pq3ygt.3ll,order1,2025-07-02 16:13:31
122,mclmelnxdtg1tym371.i,order2,2025-07-02 16:13:41
123,1751440433.234835,order1,2025-07-02 16:13:53
124,mclmfe2ao14plnw3b3.lll,order2,2025-07-02 16:14:16
125,1751440528.83584,order1,2025-07-02 16:15:28
126,1751440549.055792,order2,2025-07-02 16:15:49
127,1751440555.670522,order1,2025-07-02 16:15:55
128,1751440575.005065,order2,2025-07-02 16:16:15
129,1751440582.186377,order1,2025-07-02 16:16:22
130,1751440599.995825,order2,2025-07-02 16:16:39
131,1751440609.535681,order1,2025-07-02 16:16:49
132,1751440624.903111,order2,2025-07-02 16:17:04
133,1751440632.562386,order1,2025-07-02 16:17:12
134,1751440652.493658,order2,2025-07-02 16:17:32
135,mclmk3kjluzqjrq0aa.wee,order1,2025-07-02 16:17:57
136,mcln966w5ayflxl00s,order2,2025-07-02 16:37:26
137,mcln99wklpura6l77k.eee,order1,2025-07-02 16:37:31
138,mcln9gt4v184bt5q8y.p77,order2,2025-07-02 16:37:41
139,mcln9le5ofgf0m3sph.p77,order1,2025-07-02 16:37:47
140,mcln9s7wign1xc1nx3.i,order2,2025-07-02 16:37:55
141,mcln9xo5t81bgfw4nm.ass,order1,2025-07-02 16:38:02
142,mcln9zhzfsqn5t376k.3ll,order2,2025-07-02 16:38:04
143,mcln9zaxd239xajjak.wee,order1,2025-07-02 16:38:05
144,mclna0mx9w4yqta7ae.eee,order2,2025-07-02 16:38:06
145,mcln9z3kj7p2n3j1xr.eee,order1,2025-07-02 16:38:06
146,mclna1mkyreqtne4lm.wee,order2,2025-07-02 16:38:08
147,mclna2pbkes5dt9wru.sss,order1,2025-07-02 16:38:10
148,mclna9vjc53rjf7meg.3ll,order2,2025-07-02 16:38:19
149,mclnacenjw3v7p7mwv,order1,2025-07-02 16:38:22
150,mclnaehcjy2j1sbacr.eee,order2,2025-07-02 16:38:23
151,mclnall7dzdygzumoi.3ll,order1,2025-07-02 16:38:34
152,mclnamrgnfkuwif54u,order2,2025-07-02 16:38:35
153,mclnao57zgs713pemj.eee,order1,2025-07-02 16:38:35
154,mclnal6x0y53btq18j.777,order2,2025-07-02 16:38:35
155,mclnamxkgqjz4quvtv.sss,order1,2025-07-02 16:38:36
156,mclnantzqx2h8rjgam.sss,order2,2025-07-02 16:38:36
157,mclnatp4jcgpq4hnoa.eee,order1,2025-07-02 16:38:45
158,mclnaufv4act0uxzyz,order2,2025-07-02 16:38:46
159,mclnavqq35eybp1xvz,order1,2025-07-02 16:38:46
160,mclnb237j2i7wnbmbs3,order2,2025-07-02 16:38:55
161,mclnb36wupm6oz324f.i,order1,2025-07-02 16:38:56
162,mclnb9es89bcb1enfz,order2,2025-07-02 16:39:04
163,mclnbah2fjesbxq42c.777,order1,2025-07-02 16:39:05
164,mclnbewrhhzphpc9db.sss,order2,2025-07-02 16:39:07
165,mclnbg8cgnvgvryl3d.ass,order1,2025-07-02 16:39:13
166,mclnbjdzlo0264kv8y.3ll,order2,2025-07-02 16:39:17
167,mclnbjnbdnsxk365tl.sss,order1,2025-07-02 16:39:17
168,mclnbjfii8q61r4pur.ass,order2,2025-07-02 16:39:18
169,mclnbk8iqxvqcn1qk8.lll,order1,2025-07-02 16:39:18
170,mclnbjss06tjhry4a3.i,order2,2025-07-02 16:39:19
171,mclnbnntty9d24j2hz.sss,order1,2025-07-02 16:39:22
172,mclnbmojqk41p0tn2l,order2,2025-07-02 16:39:22
173,mclnb9ks0d6eet4r04,order1,2025-07-02 16:39:23
174,mclnboj993uko4i8wg.wee,order2,2025-07-02 16:39:25
175,mclnbskcktx7zfb0ps.i,order1,2025-07-02 16:39:29
176,mclnbvvarwm0salkzx.sss,order2,2025-07-02 16:39:32
177,mclnbv4and882gh98q,order1,2025-07-02 16:39:33
178,mclnc5k13y5h6xb29t.ass,order2,2025-07-02 16:39:46
179,mclnca3grblvnut6p9.777,order1,2025-07-02 16:39:52
180,mclncm1luszxoo3uka.p77,order2,2025-07-02 16:40:07
181,mclncpm2cci0cd3vp8y.ee,order1,2025-07-02 16:40:13
182,mclncramut1rac356b,order2,2025-07-02 16:40:13
183,mclnct0ngnftgawlpv.ass,order1,2025-07-02 16:40:16
184,mclncsw68y86dyh3wu.p77,order2,2025-07-02 16:40:16
185,mclncw9jiiaqcj0fy3.sss,order1,2025-07-02 16:40:20
186,mclnd1qnl9snabc766,order2,2025-07-02 16:40:24
187,mclnd6dtzytsyfh1q6,order1,2025-07-02 16:40:33
188,mclndafuqa7pm5xn1i.wee,order2,2025-07-02 16:40:39
189,mclndk0flkvlbgpgun,order1,2025-07-02 16:40:52
190,mclncn9cnikcpb6irr.777,order2,2025-07-02 16:41:10
191,mclne5rq7aey1iecmo.i,order1,2025-07-02 16:41:20
192,mclne6s23zl4eencpb.ass,order2,2025-07-02 16:41:25
193,mclneqtpbcq144lby5.3ll,order1,2025-07-02 16:41:47
194,mclnf61nxxfs2hhszf.eee,order2,2025-07-02 16:42:06
195,mclnfklrloomvoajvr,order1,2025-07-02 16:42:19
196,mclng77lh9kyndz0lp,order2,2025-07-02 16:42:54
197,mclngfqok0z1b5gpjz.lll,order1,2025-07-02 16:43:05
198,mclnhac133co78a5yp,order2,2025-07-02 16:43:44
199,mclnhpg0zl8l8kievk.ass,order1,2025-07-02 16:44:06
200,mclninywxofe0g24vl,order2,2025-07-02 16:44:50
201,mclniw8tmb8nms1x5t.sss,order1,2025-07-02 16:45:00
202,mclnj85zbia36mnrok.777,order2,2025-07-02 16:45:17
203,mclnka0s3q8i3hzb7q.777,order1,2025-07-02 16:46:04
204,mclnmp0njjctosa2t9,order2,2025-07-02 16:47:57
205,mclno8m57qwge0r9id.ass,order1,2025-07-02 16:49:09
206,mclnrvzltrywxh6ry2.p77,order2,2025-07-02 16:52:00
207,mclnsvr9a41h0ts5qa.777,order1,2025-07-02 16:52:46
208,mclnupe9cnfgefllez6.ee,order2,2025-07-02 16:54:12
209,mclnv4bywkmk14jljd,order1,2025-07-02 16:54:31
210,mclnvqr5bhj8trxh7b.sss,order2,2025-07-02 16:55:00
211,mclnxdwfdpg6d6vy5f6.ss,order1,2025-07-02 16:56:17
212,mclnxg12nslkx6s7x2.ass,order2,2025-07-02 16:56:19
213,mclnyeyaa5eezdwtjm,order1,2025-07-02 16:57:02
214,mclnyzpx7vklmacyud.ass,order2,2025-07-02 16:57:33
215,mclo0otcab0fp27vrv.lll,order1,2025-07-02 16:58:50
216,mclo4ivav2gwxlhpwc.000,order2,2025-07-02 17:01:49
217,mclo5kvjtcbj13yygz.777,order1,2025-07-02 17:02:38
218,mcloaebpimji2fsu2s,order2,2025-07-02 17:06:24
219,mclodkgijophefvlbd,order1,2025-07-02 17:08:51
220,mclodv3ut2bst4qqi3.000,order2,2025-07-02 17:09:05
221,mcloe7cr6y10aoqd75.000,order1,2025-07-02 17:09:21
222,mclomq7keo3wh0bof8.000,order2,2025-07-02 17:15:59
223,mclor9l6i406au8p2x.p77,order1,2025-07-02 17:19:30
224,mclox5fcxonyezd8ie,order2,2025-07-02 17:24:05
225,mcloz0b3958shv9gma.i,order1,2025-07-02 17:25:42
226,mclp7eg5qfvxk5fw7w,order2,2025-07-02 17:32:03
227,mclpg882lugv6xq36x.sss,order1,2025-07-02 17:38:56
228,mclphsh869xrwnbby6.ass,order2,2025-07-02 17:40:07
229,mclpud99swp1cryx8x.wee,order1,2025-07-02 17:45:33
230,mclpy1vlpdfd13mxzw.sss,order2,2025-07-02 17:52:47
231,mclqomhw2qmlitrxrqi.p7,order1,2025-07-02 18:13:35
232,mclrlppp2nfokdtk4s,order2,2025-07-02 18:39:08
233,mclsra7jpaxgs6hiji.lll,order1,2025-07-02 19:11:29
234,mcltqyjvrajhhop1ht.777,order2,2025-07-02 19:39:15
