user_id,Cond,ex1_cover_story,ex1_a,ex1_b,ex1_c,ex1_d,ex1_estimate,ex1_is_first,ex1_sample_number,ex1_timestamp,order,ex2_cover_story,ex2_a,ex2_b,ex2_c,ex2_d,ex2_estimate,ex2_is_first,ex2_is_symmetric,ex2_sample_number,ex2_timestamp,imc_pass,crt_correct_cnt,CS_1.0,UCS_1.0,CS_0.7,UCS_0.7,CS_0.5,UCS_0.5,CS_0.2,UCS_0.2,CS_0.1,UCS_0.1,2_CS_1.0,2_UCS_1.0,2_CS_0.7,2_UCS_0.7,2_CS_0.5,2_UCS_0.5,2_CS_0.2,2_UCS_0.2,2_CS_0.1,2_UCS_0.1
mcll5m85olyfjj0k90,0,12,7,3,3,7,64,1,5,2025-07-02 15:39:00,1,2,7,0,6,1,7,0,0,14,2025-07-02 15:41:00,1.0,3.0,1.177145,1.390075,1.208368,1.388182,1.715952,2.003722,6.081582,6.227663,10.43877,10.39892,0.680314,0.443534,2.180696,0.603344,4.054519,1.683779,10.0823,6.115625,14.76978,10.44903
mcll5m85olyfjj0k90,0,3,7,6,0,13,70,1,4,2025-07-02 15:39:00,2,1,6,6,0,12,24,0,0,24,2025-07-02 15:43:00,1.0,3.0,4.008435,4.339803,4.107052,4.411259,4.090561,4.288678,5.834865,7.037548,9.321827,10.63842,3.187822,3.634392,3.1103,3.613893,3.164306,3.351932,4.600083,5.564372,7.54048,8.825718
mcll5m85olyfjj0k90,0,5,6,6,0,12,55,1,1,2025-07-02 15:40:00,3,7,7,6,0,13,41,0,0,26,2025-07-02 15:44:00,1.0,3.0,3.172009,3.517926,3.13219,3.475943,3.11411,3.296284,4.605688,5.487023,7.50356,8.76654,4.051011,4.528827,4.074998,4.258693,4.028598,4.155728,5.838001,6.858987,9.269579,10.73193
mcll5m85olyfjj0k90,0,10,6,3,3,6,31,1,2,2025-07-02 15:40:00,4,6,6,3,3,6,29,0,0,18,2025-07-02 15:45:00,1.0,3.0,0.61548,0.827271,0.65263,0.830239,1.139196,1.405429,4.764157,4.997915,8.449718,8.544365,0.677228,0.826944,0.631367,0.849165,1.138443,1.43422,4.724273,5.004457,8.446712,8.440718
mcll5m85olyfjj0k90,0,11,6,0,6,0,0,1,3,2025-07-02 15:40:00,5,4,7,3,3,7,43,0,0,20,2025-07-02 15:54:00,1.0,3.0,-1.97761,-0.88565,-1.90339,-1.46341,-2.0032,-1.79833,-1.92758,-1.85682,-1.85573,-1.83305,1.148584,1.31613,1.173548,1.444621,1.739026,2.018389,6.048624,6.305946,10.37172,10.52878
mcll5m85olyfjj0k90,0,8,7,0,6,1,5,1,6,2025-07-02 15:40:00,6,9,6,0,6,0,8,0,0,12,2025-07-02 15:54:00,0.0,,0.695184,0.453829,2.134994,0.697405,4.129952,1.64074,10.13602,6.234041,14.78651,10.40154,0.303002,0.003787,1.810374,0.261103,3.355239,1.136684,8.588841,4.778116,12.61028,8.511526
mcll5qde7ncrwb4o7g.p77,0,5,7,0,6,1,15,1,6,2025-07-02 15:40:00,1,6,6,0,6,0,0,0,0,12,2025-07-02 15:46:00,0.0,,0.701353,0.411778,2.13884,0.669136,4.019091,1.675942,10.17435,6.118029,14.93558,10.47424,-1.99516,-0.98653,-2.02536,-1.56133,-1.98867,-1.58468,-1.81874,-1.87037,-1.92887,-1.80215
mcll5qde7ncrwb4o7g.p77,0,10,7,6,0,13,60,1,4,2025-07-02 15:41:00,2,7,7,6,0,13,40,0,0,26,2025-07-02 15:48:00,0.0,,4.068299,4.354368,4.05995,4.413484,4.032824,4.228199,5.823063,6.984503,9.305422,10.81739,4.025568,4.465223,4.144325,4.31785,4.023881,4.122413,5.877804,6.897649,9.3661,10.77339
mcll5qde7ncrwb4o7g.p77,0,9,7,3,3,7,60,1,5,2025-07-02 15:41:00,3,8,7,0,6,1,5,0,0,14,2025-07-02 15:50:00,0.0,,1.183335,1.382335,1.249551,1.389521,1.718572,2.018302,6.105539,6.190467,10.4266,10.50434,0.684478,0.408208,2.168201,0.7137,4.155467,1.615099,10.09867,6.158607,14.83668,10.26979
mcll5qde7ncrwb4o7g.p77,0,1,6,3,3,6,50,1,2,2025-07-02 15:42:00,4,12,6,3,3,6,-5,0,0,18,2025-07-02 15:52:00,0.0,,0.60532,0.854815,0.663224,0.846434,1.094013,1.375709,4.786291,4.942676,8.401483,8.496965,-1.45057,-1.43382,-1.53697,-1.51887,-1.63987,-1.60756,-1.81482,-1.94135,-1.86889,-1.7636
mcll5qde7ncrwb4o7g.p77,0,3,6,6,0,12,50,1,1,2025-07-02 15:43:00,5,4,7,3,3,7,70,0,0,20,2025-07-02 15:53:00,0.0,,3.181077,3.551217,3.030955,3.489877,3.072638,3.40983,4.591399,5.473614,7.499714,8.759668,1.170385,1.442279,1.207592,1.415221,1.79115,2.023184,6.105111,6.349518,10.42299,10.46636
mcll5qde7ncrwb4o7g.p77,0,2,6,0,6,0,-100,1,3,2025-07-02 15:43:00,6,11,6,6,0,12,52,0,0,24,2025-07-02 15:55:00,0.0,,-1.9696,-1.01533,-1.95067,-1.6599,-2.08646,-1.57783,-2.0115,-1.89358,-1.90183,-1.61538,3.23045,3.43654,3.075471,3.529305,3.197482,3.375766,4.494573,5.474555,7.430564,8.828634
mcll5sdelpjgyxvgdp.eee,1,8,6,3,3,6,18,0,2,2025-07-02 15:48:00,1,10,7,3,3,7,14,1,1,20,2025-07-02 15:41:00,0.0,,0.66789,0.799123,0.703593,0.890391,1.135711,1.309617,4.754152,4.993216,8.459469,8.6365,1.246584,1.307876,1.21432,1.428074,1.746912,1.999967,6.051662,6.327433,10.36719,10.32283
mcll5sdelpjgyxvgdp.eee,1,3,6,6,0,12,-43,0,1,2025-07-02 15:48:00,2,1,6,6,0,12,-4,1,1,24,2025-07-02 15:42:00,0.0,,-1.5898,-1.74755,-1.55373,-1.78907,-1.63717,-1.81261,-1.82512,-1.92775,-1.94864,-1.7662,-1.55211,-1.69664,-1.61152,-1.84652,-1.60522,-1.84864,-1.80683,-2.00551,-1.90427,-1.8622
mcll5sdelpjgyxvgdp.eee,1,2,7,0,6,1,61,0,6,2025-07-02 15:48:00,3,5,7,0,6,1,1,1,1,14,2025-07-02 15:43:00,0.0,,0.705238,0.415517,2.157178,0.676162,4.081603,1.638927,10.05056,6.186467,14.823,10.44393,0.717573,0.450484,2.131067,0.621501,4.22588,1.679992,10.18671,6.238297,14.78558,10.48272
mcll5sdelpjgyxvgdp.eee,1,7,7,6,0,13,11,0,4,2025-07-02 15:48:00,4,11,7,6,0,13,-11,1,1,26,2025-07-02 15:46:00,0.0,,4.015539,4.458154,3.951684,4.368513,4.074653,4.112713,5.899217,6.879436,9.277879,10.82108,-1.7896,-1.89129,-1.75951,-1.96403,-1.75412,-1.89686,-2.04545,-2.0727,-1.91355,-2.05188
mcll5sdelpjgyxvgdp.eee,1,12,6,0,6,0,61,0,3,2025-07-02 15:48:00,5,6,6,0,6,0,55,1,1,12,2025-07-02 15:46:00,0.0,,0.302637,0.026869,1.747424,0.277152,3.368122,1.059843,8.516474,4.855173,12.57262,8.48465,0.287291,0.029125,1.785764,0.303783,3.38832,1.105684,8.498852,4.864939,12.55848,8.622621
mcll5sdelpjgyxvgdp.eee,1,4,7,3,3,7,40,0,5,2025-07-02 15:49:00,6,9,6,3,3,6,8,1,1,18,2025-07-02 15:47:00,0.0,,1.185958,1.398404,1.209699,1.423353,1.749998,2.066037,6.116014,6.291289,10.33755,10.48209,0.644148,0.822237,0.668289,0.851891,1.133084,1.345711,4.7974,5.001789,8.517193,8.470356
mcll60xnwtjce72n1l.777,0,8,7,3,3,7,65,1,5,2025-07-02 15:42:00,1,11,7,6,0,13,50,0,0,26,2025-07-02 15:52:00,0.0,,1.165307,1.340347,1.197133,1.406761,1.718561,1.978207,6.07619,6.38307,10.42372,10.62241,4.202866,4.234111,3.952357,4.28186,4.125526,4.229531,5.830609,6.95795,9.33031,10.63214
mcll60xnwtjce72n1l.777,0,9,6,3,3,6,50,1,2,2025-07-02 15:43:00,2,1,6,3,3,6,63,0,0,18,2025-07-02 15:56:00,0.0,,0.630626,0.811667,0.658435,0.828766,1.122143,1.393193,4.796742,5.025685,8.38551,8.501771,0.627616,0.837914,0.661574,0.793742,1.155099,1.383666,4.79437,4.996479,8.418056,8.330083
mcll60xnwtjce72n1l.777,0,7,6,6,0,12,50,1,1,2025-07-02 15:44:00,3,5,7,0,6,1,14,0,0,14,2025-07-02 15:59:00,0.0,,3.16931,3.815624,3.131972,3.617742,3.190177,3.313049,4.612423,5.559977,7.522893,8.703495,0.707128,0.397544,2.122782,0.661608,4.153409,1.652557,10.06187,6.217482,14.84603,10.55125
mcll60xnwtjce72n1l.777,0,3,7,0,6,1,100,1,6,2025-07-02 15:46:00,4,10,7,3,3,7,40,0,0,20,2025-07-02 16:02:00,0.0,,0.694189,0.467546,2.17512,0.660056,4.046122,1.529272,10.06767,6.164392,14.82474,10.41771,1.214597,1.324366,1.195015,1.465502,1.734108,2.040835,6.086246,6.332585,10.39585,10.4902
mcll60xnwtjce72n1l.777,0,2,6,0,6,0,0,1,3,2025-07-02 15:46:00,5,4,6,0,6,0,0,0,0,12,2025-07-02 16:04:00,0.0,,-1.98863,-1.03912,-1.99676,-1.54909,-1.92593,-1.72696,-1.84883,-2.13171,-1.94806,-2.08262,-1.99287,-1.07564,-1.90518,-1.47556,-2.10194,-1.60457,-1.86415,-2.26302,-1.94286,-1.77328
mcll60xnwtjce72n1l.777,0,12,7,6,0,13,54,1,4,2025-07-02 15:47:00,6,6,6,6,0,12,46,0,0,24,2025-07-02 16:07:00,0.0,,4.172009,4.532928,4.117755,4.33206,4.099722,4.225136,5.865278,6.864589,9.268277,10.74794,3.217853,3.536829,3.077413,3.503216,3.143837,3.349166,4.607671,5.541775,7.462919,8.7408
mcll64y6b4oezqkjc9,1,7,7,6,0,13,33,0,4,2025-07-02 15:44:00,1,4,7,0,6,1,70,1,1,14,2025-07-02 15:39:00,0.0,,4.043267,4.550665,4.163693,4.298794,4.071494,4.17113,5.838807,6.978641,9.274397,10.76569,-2.07879,-1.46297,-2.20214,-1.86995,-2.13847,-1.87725,-2.07078,-1.79103,-2.14482,-1.94808
mcll64y6b4oezqkjc9,1,9,7,3,3,7,46,0,5,2025-07-02 15:44:00,2,12,7,6,0,13,60,1,1,26,2025-07-02 15:41:00,0.0,,1.192141,1.366731,1.178922,1.377283,1.750306,1.997858,6.13028,6.225751,10.4444,10.33946,1.174098,1.386323,1.146821,1.426388,1.748208,2.046438,6.102576,6.222745,10.36022,10.52911
mcll64y6b4oezqkjc9,1,8,6,3,3,6,23,0,2,2025-07-02 15:44:00,3,11,6,0,6,0,25,1,1,12,2025-07-02 15:41:00,0.0,,-1.97689,-0.94443,-1.85808,-1.35999,-2.11149,-1.70321,-1.79144,-1.94877,-2.01728,-1.85154,3.233618,3.529666,3.111657,3.512105,3.162723,3.254072,4.588603,5.545466,7.433725,8.727581
mcll64y6b4oezqkjc9,1,6,6,0,6,0,67,0,3,2025-07-02 15:44:00,4,1,6,6,0,12,66,1,1,24,2025-07-02 15:42:00,0.0,,0.703203,0.40314,2.167974,0.707407,4.051385,1.708716,10.05452,6.249908,14.83693,10.45812,0.643257,0.788775,0.665035,0.825346,1.133186,1.355009,4.78973,5.003136,8.463369,8.493424
mcll64y6b4oezqkjc9,1,10,6,6,0,12,28,0,1,2025-07-02 15:45:00,5,2,6,3,3,6,38,1,1,18,2025-07-02 15:43:00,0.0,,0.684041,0.854198,0.690924,0.848656,1.114714,1.382511,4.773412,5.069244,8.417538,8.558641,4.024389,4.404431,3.9913,4.518162,3.992116,4.162091,5.883426,6.826545,9.336632,10.87894
mcll64y6b4oezqkjc9,1,5,7,0,6,1,25,0,6,2025-07-02 15:45:00,6,3,7,3,3,7,-35,1,1,20,2025-07-02 15:44:00,0.0,,3.095477,3.465291,3.150621,3.560729,3.22033,3.385038,4.622332,5.505839,7.456749,8.863926,-1.89812,-0.90168,-1.93316,-1.45172,-1.94916,-1.74675,-1.99409,-1.84791,-1.93468,-1.68097
mcll65paquk3clg5sn,1,1,7,0,6,1,34,0,6,2025-07-02 15:57:00,1,7,6,6,0,12,44,1,1,24,2025-07-02 15:41:00,0.0,,1.20537,1.315364,1.155944,1.436474,1.747452,2.01608,6.083313,6.274624,10.41053,10.32805,3.135019,3.65115,3.194897,3.515811,3.15303,3.346746,4.54108,5.492053,7.482093,8.767196
mcll65paquk3clg5sn,1,5,6,3,3,6,60,0,2,2025-07-02 15:58:00,2,12,6,3,3,6,29,1,1,18,2025-07-02 15:42:00,0.0,,0.61393,0.847399,0.65275,0.8547,1.136986,1.380415,4.736632,4.973496,8.456747,8.436153,4.096265,4.410899,4.112275,4.444967,3.991571,4.211723,5.83006,6.932958,9.333998,10.74557
mcll65paquk3clg5sn,1,4,6,6,0,12,70,0,1,2025-07-02 15:58:00,3,3,7,0,6,1,8,1,1,14,2025-07-02 15:54:00,0.0,,0.706914,0.370808,2.211177,0.645807,4.140658,1.567118,10.05278,6.190457,14.92351,10.50332,0.576944,0.82077,0.638751,0.874079,1.15289,1.364774,4.738575,4.922589,8.428889,8.422294
mcll65paquk3clg5sn,1,8,7,6,0,13,61,0,4,2025-07-02 15:59:00,4,11,7,6,0,13,94,1,1,26,2025-07-02 15:55:00,0.0,,3.130315,3.819454,3.172287,3.555504,3.158484,3.356356,4.583174,5.581783,7.468451,8.806117,0.697955,0.43199,2.16447,0.698361,4.109471,1.551838,10.08171,6.116243,14.75475,10.46811
mcll65paquk3clg5sn,1,10,6,0,6,0,0,0,3,2025-07-02 15:59:00,5,6,6,0,6,0,0,1,1,12,2025-07-02 15:56:00,0.0,,0.296568,0.016405,1.73488,0.257235,3.39922,1.032102,8.526539,4.871176,12.65297,8.559018,0.302518,-0.05804,1.711261,0.258854,3.35981,1.105568,8.541191,4.852905,12.6244,8.567101
mcll65paquk3clg5sn,1,9,7,3,3,7,68,0,5,2025-07-02 16:00:00,6,2,7,3,3,7,16,1,1,20,2025-07-02 15:57:00,0.0,,3.999464,4.327899,4.031228,4.403611,4.086497,4.244954,5.816104,6.834067,9.323602,10.78242,1.227772,1.388865,1.220705,1.385688,1.777746,1.951765,6.065601,6.364335,10.40903,10.39486
mcll69xvddcgubiz4f,1,4,7,3,3,7,68,1,5,2025-07-02 15:41:00,1,9,6,0,6,0,0,0,1,12,2025-07-02 15:43:00,0.0,,-1.97886,-1.01237,-1.97276,-1.46644,-1.93366,-1.80002,-2.073,-1.91838,-1.94116,-1.97571,4.179622,4.415352,4.11149,4.370344,3.972709,4.150707,5.879341,6.919869,9.296129,10.83882
mcll69xvddcgubiz4f,1,11,6,3,3,6,34,1,2,2025-07-02 15:41:00,2,8,6,6,0,12,11,0,1,24,2025-07-02 15:45:00,0.0,,1.21635,1.350479,1.194056,1.398485,1.746277,2.064693,6.028233,6.305696,10.42432,10.50398,-2.19079,-1.37084,-1.98276,-1.74224,-2.21421,-1.78506,-2.07039,-2.17979,-1.89925,-2.25631
mcll69xvddcgubiz4f,1,6,7,6,0,13,53,1,4,2025-07-02 15:41:00,3,7,7,3,3,7,19,0,1,20,2025-07-02 15:46:00,0.0,,3.173927,3.562871,3.143137,3.551307,3.155361,3.298202,4.584423,5.58133,7.481637,8.848752,-1.47195,-1.46243,-1.52321,-1.51138,-1.69502,-1.57748,-1.91921,-1.74639,-1.98687,-2.0128
mcll69xvddcgubiz4f,1,5,6,0,6,0,0,1,3,2025-07-02 15:42:00,4,12,7,0,6,1,21,0,1,14,2025-07-02 15:46:00,0.0,,4.083584,4.467026,4.028818,4.465965,3.986322,4.169411,5.796757,6.781234,9.296664,10.76357,-1.88885,-1.00801,-1.89154,-1.53727,-1.921,-1.78094,-1.96323,-2.12008,-1.96115,-1.80381
mcll69xvddcgubiz4f,1,3,6,6,0,12,18,1,1,2025-07-02 15:42:00,5,1,7,6,0,13,32,0,1,26,2025-07-02 15:48:00,0.0,,0.687049,0.820479,0.617988,0.845098,1.101784,1.387805,4.855903,4.902949,8.399922,8.44987,1.179227,1.375009,1.229467,1.379392,1.72918,2.027599,6.10405,6.345333,10.43658,10.37584
mcll69xvddcgubiz4f,1,2,7,0,6,1,6,1,6,2025-07-02 15:42:00,6,10,6,3,3,6,0,0,1,18,2025-07-02 15:49:00,0.0,,0.68945,0.460368,2.112611,0.694632,4.096523,1.596642,10.02485,6.142447,14.70589,10.37259,3.03541,3.536834,3.07747,3.672581,3.194675,3.430395,4.609602,5.541919,7.505297,8.756206
mcll6dvwzwl1v1q0ti.777,0,5,6,3,3,6,70,0,2,2025-07-02 15:45:00,1,2,6,6,0,12,80,1,0,24,2025-07-02 15:40:00,0.0,,-2.04582,-0.96036,-1.90214,-1.49866,-1.99821,-1.78544,-2.00622,-1.85462,-1.9296,-2.02502,-1.88732,-1.01561,-1.71626,-1.30432,-1.83704,-1.80699,-1.94264,-1.81899,-2.07254,-2.03312
mcll6dvwzwl1v1q0ti.777,0,1,7,3,3,7,80,0,5,2025-07-02 15:45:00,2,11,7,0,6,1,-73,1,0,14,2025-07-02 15:41:00,0.0,,0.621065,0.865291,0.663861,0.836831,1.160211,1.389985,4.754913,5.044644,8.426613,8.564118,1.170661,1.411341,1.183375,1.362777,1.724957,2.000239,6.055905,6.297629,10.38391,10.42994
mcll6dvwzwl1v1q0ti.777,0,3,7,6,0,13,82,0,4,2025-07-02 15:46:00,3,12,6,3,3,6,-42,1,0,18,2025-07-02 15:42:00,0.0,,0.700411,0.35841,2.139909,0.699942,4.048228,1.679519,10.12567,6.206609,14.73432,10.50561,3.11099,3.496476,3.128079,3.471926,3.201827,3.319187,4.542093,5.523271,7.465313,8.738587
mcll6dvwzwl1v1q0ti.777,0,9,6,6,0,12,76,0,1,2025-07-02 15:46:00,4,7,7,3,3,7,-35,1,0,20,2025-07-02 15:43:00,0.0,,3.996094,4.539641,4.048418,4.35314,4.062312,4.197535,5.772246,6.845737,9.219915,10.89028,0.638518,0.846663,0.666887,0.867652,1.12157,1.362456,4.768763,5.019699,8.396241,8.430966
mcll6dvwzwl1v1q0ti.777,0,4,6,0,6,0,0,0,3,2025-07-02 15:46:00,5,6,7,6,0,13,87,1,0,26,2025-07-02 15:44:00,0.0,,1.23683,1.369709,1.193567,1.4059,1.70097,1.967175,6.12488,6.296046,10.35759,10.44723,3.948486,4.457407,3.93134,4.283691,4.128275,4.17654,5.795126,6.832476,9.318621,10.81509
mcll6dvwzwl1v1q0ti.777,0,8,7,0,6,1,100,0,6,2025-07-02 15:46:00,6,10,6,0,6,0,73,1,0,12,2025-07-02 15:45:00,0.0,,3.174735,3.430176,3.066945,3.550387,3.146821,3.366797,4.612307,5.491371,7.472294,8.756325,0.673502,0.410028,2.182191,0.659232,4.14317,1.611523,9.952559,6.344935,14.84238,10.49167
mcll6x95i4b8ac15l6.eee,1,5,6,3,3,6,43,0,2,2025-07-02 15:46:00,1,3,7,3,3,7,49,1,1,20,2025-07-02 15:41:00,0.0,,0.699801,0.866726,0.670188,0.873441,1.109955,1.375601,4.79066,5.007114,8.431229,8.451549,3.971413,4.495527,4.040171,4.442152,4.127441,4.249059,5.835472,6.863533,9.239497,10.77423
mcll6x95i4b8ac15l6.eee,1,4,7,0,6,1,38,0,6,2025-07-02 15:46:00,2,10,7,6,0,13,45,1,1,26,2025-07-02 15:42:00,0.0,,4.007614,4.277616,3.996698,4.424164,4.003188,4.111922,5.841005,6.875513,9.318764,10.71202,0.310811,0.059252,1.778747,0.273294,3.395194,1.021814,8.577495,4.898676,12.61111,8.482962
mcll6x95i4b8ac15l6.eee,1,8,6,0,6,0,36,0,3,2025-07-02 15:46:00,3,11,6,6,0,12,42,1,1,24,2025-07-02 15:43:00,0.0,,3.188359,3.561637,3.12287,3.589129,3.104827,3.295636,4.551577,5.576811,7.462889,8.650761,0.66942,0.810755,0.694795,0.892923,1.107604,1.390661,4.777508,4.881127,8.454522,8.435991
mcll6x95i4b8ac15l6.eee,1,9,6,6,0,12,40,0,1,2025-07-02 15:46:00,4,7,6,3,3,6,53,1,1,18,2025-07-02 15:44:00,0.0,,1.190414,1.344157,1.206589,1.36584,1.769773,2.007935,6.080678,6.341708,10.39619,10.49587,1.174399,1.440626,1.230733,1.437179,1.742279,2.045437,6.090371,6.245848,10.39349,10.48067
mcll6x95i4b8ac15l6.eee,1,12,7,3,3,7,43,0,5,2025-07-02 15:47:00,5,1,7,0,6,1,62,1,1,14,2025-07-02 15:45:00,0.0,,0.708867,0.379473,2.143895,0.591988,4.086373,1.634926,10.06852,6.125197,14.74817,10.36296,3.231849,3.667038,3.133058,3.495877,3.156047,3.329131,4.582451,5.506944,7.530286,8.790094
mcll6x95i4b8ac15l6.eee,1,6,7,6,0,13,41,0,4,2025-07-02 15:47:00,6,2,6,0,6,0,50,1,1,12,2025-07-02 15:45:00,0.0,,0.302821,0.052459,1.742663,0.240914,3.454195,1.105853,8.552017,4.924285,12.52879,8.523263,0.697178,0.442175,2.13198,0.680998,4.095901,1.659201,10.04152,6.195923,14.83156,10.43756
mcll76hmkawor99cez.i,1,12,6,6,0,12,50,1,1,2025-07-02 15:41:00,1,9,7,0,6,1,0,0,1,14,2025-07-02 15:48:00,0.0,,-1.80919,-1.06475,-1.97653,-1.50116,-2.04271,-1.71149,-1.89811,-2.02997,-1.86371,-1.95459,0.677382,0.476736,2.115821,0.650089,4.044954,1.604686,10.06431,6.066653,14.83257,10.36902
mcll76hmkawor99cez.i,1,6,6,0,6,0,0,1,3,2025-07-02 15:42:00,2,8,6,3,3,6,40,0,1,18,2025-07-02 15:50:00,0.0,,1.149038,1.362115,1.241602,1.395155,1.737437,2.049693,6.108456,6.267639,10.45437,10.28638,-1.87291,-1.09543,-2.02353,-1.33714,-1.96533,-1.73551,-1.8301,-2.22121,-1.88455,-2.01263
mcll76hmkawor99cez.i,1,1,7,0,6,1,100,1,6,2025-07-02 15:43:00,3,2,6,0,6,0,0,0,1,12,2025-07-02 15:51:00,0.0,,0.68216,0.513211,2.11274,0.697614,4.123215,1.665282,9.972819,6.212012,14.8831,10.33733,4.053823,4.284238,4.008122,4.25874,4.059013,4.218378,5.81229,6.923047,9.23219,10.68103
mcll76hmkawor99cez.i,1,11,6,3,3,6,50,1,2,2025-07-02 15:44:00,4,7,6,6,0,12,60,0,1,24,2025-07-02 15:53:00,0.0,,3.025828,3.571036,3.224378,3.540521,3.160184,3.315804,4.56771,5.540939,7.468142,8.790804,0.6459,0.863942,0.667033,0.834866,1.184117,1.368313,4.754567,4.910368,8.447655,8.43414
mcll76hmkawor99cez.i,1,3,7,3,3,7,60,1,5,2025-07-02 15:45:00,5,5,7,6,0,13,70,0,1,26,2025-07-02 15:55:00,0.0,,4.007551,4.543772,4.171354,4.333813,4.076666,4.171375,5.847322,6.841906,9.312052,10.72378,-1.70941,-1.72438,-1.77103,-1.68035,-1.88497,-1.80843,-2.01409,-1.91114,-1.97933,-2.30358
mcll76hmkawor99cez.i,1,4,7,6,0,13,70,1,4,2025-07-02 15:46:00,6,10,7,3,3,7,40,0,1,20,2025-07-02 15:57:00,0.0,,0.655075,0.790464,0.652098,0.837818,1.109767,1.389009,4.796022,5.010464,8.395535,8.419285,3.09531,3.593019,3.178232,3.48937,3.148917,3.317838,4.622877,5.543041,7.530406,8.900949
mcll7ctpzp56tf8wu2,1,8,7,3,3,7,70,0,5,2025-07-02 15:50:00,1,7,6,3,3,6,0,1,1,18,2025-07-02 15:41:00,0.0,,3.06664,3.536916,3.219455,3.508512,3.100508,3.347545,4.588528,5.479206,7.510102,8.724848,1.176222,1.387151,1.124493,1.418678,1.724013,1.983171,6.124133,6.28526,10.35946,10.48738
mcll7ctpzp56tf8wu2,1,6,6,3,3,6,50,0,2,2025-07-02 15:50:00,2,11,7,6,0,13,41,1,1,26,2025-07-02 15:44:00,0.0,,-2.03499,-0.9471,-1.93461,-1.46819,-1.9601,-1.6345,-1.99391,-1.89953,-1.87418,-1.98116,3.166414,3.629035,3.081638,3.593515,3.182262,3.270917,4.601501,5.549357,7.490659,8.785121
mcll7ctpzp56tf8wu2,1,12,6,0,6,0,0,0,3,2025-07-02 15:51:00,3,5,7,0,6,1,0,1,1,14,2025-07-02 15:45:00,0.0,,0.69106,0.354007,2.116769,0.649091,4.080493,1.615841,10.10302,6.232278,14.64276,10.43538,0.62855,0.85835,0.649783,0.845437,1.101112,1.401008,4.753715,4.959985,8.443907,8.431424
mcll7ctpzp56tf8wu2,1,3,6,6,0,12,100,0,1,2025-07-02 15:51:00,4,10,6,6,0,12,87,1,1,24,2025-07-02 15:46:00,0.0,,4.044783,4.367567,4.011844,4.322647,4.017587,4.20565,5.867577,6.919603,9.345576,10.69202,0.684151,0.424843,2.128635,0.678078,4.005863,1.601716,10.12484,6.096374,14.80649,10.54953
mcll7ctpzp56tf8wu2,1,2,7,6,0,13,80,0,4,2025-07-02 15:51:00,5,4,6,0,6,0,0,1,1,12,2025-07-02 15:49:00,0.0,,0.621241,0.815303,0.64692,0.825349,1.155968,1.330573,4.777559,4.900649,8.479126,8.416587,4.055445,4.316662,4.02175,4.326977,4.072663,4.069342,5.860499,6.951579,9.311732,10.82397
mcll7ctpzp56tf8wu2,1,9,7,0,6,1,10,0,6,2025-07-02 15:51:00,6,1,7,3,3,7,-31,1,1,20,2025-07-02 15:50:00,0.0,,1.112718,1.413999,1.247088,1.415121,1.731364,1.978158,6.055894,6.326327,10.39751,10.44929,-2.04356,-1.0295,-1.98787,-1.51401,-2.01121,-1.63945,-1.92985,-1.61833,-1.85554,-2.07867
mcll7edcq3bpx0q09y,1,6,7,0,6,1,95,1,6,2025-07-02 15:44:00,1,11,6,0,6,0,0,0,1,12,2025-07-02 15:59:00,1.0,,3.1837,3.567456,3.206038,3.620725,3.127277,3.312225,4.576457,5.579487,7.512726,8.86078,0.688701,0.505919,2.177673,0.664613,4.146176,1.584564,10.06789,6.041485,14.85548,10.46153
mcll7edcq3bpx0q09y,1,3,6,6,0,12,50,1,1,2025-07-02 15:45:00,2,4,7,6,0,13,45,0,1,26,2025-07-02 16:02:00,1.0,,0.637629,0.854081,0.675821,0.884216,1.163736,1.375995,4.800208,4.919367,8.453321,8.431841,0.604057,0.838777,0.694821,0.799985,1.138805,1.359969,4.812279,4.875042,8.40202,8.512896
mcll7edcq3bpx0q09y,1,8,7,3,3,7,65,1,5,2025-07-02 15:48:00,3,7,7,0,6,1,95,0,1,14,2025-07-02 16:06:00,1.0,,0.687638,0.469235,2.161128,0.755062,4.099484,1.557705,10.09522,6.352354,14.71838,10.20483,-2.00494,-1.0086,-2.0286,-1.41068,-2.03233,-1.59778,-2.03523,-1.87565,-1.86885,-2.04201
mcll7edcq3bpx0q09y,1,9,6,0,6,0,0,1,3,2025-07-02 15:49:00,4,12,6,6,0,12,50,0,1,24,2025-07-02 16:10:00,1.0,,1.17765,1.358119,1.221598,1.431816,1.722022,2.0248,6.069152,6.342461,10.34633,10.46329,3.984895,4.388212,4.000362,4.347813,4.062505,4.288085,5.866834,6.826078,9.31913,10.6456
mcll7edcq3bpx0q09y,1,10,7,6,0,13,54,1,4,2025-07-02 15:52:00,5,5,6,3,3,6,60,0,1,18,2025-07-02 16:13:00,1.0,,-2.07224,-1.06494,-2.02446,-1.59453,-2.02154,-1.67878,-1.90959,-1.93467,-1.97033,-1.97491,3.129831,3.57153,3.153951,3.563887,3.165317,3.342444,4.554623,5.53535,7.541031,8.978943
mcll7edcq3bpx0q09y,1,1,6,3,3,6,50,1,2,2025-07-02 15:55:00,6,2,7,3,3,7,69,0,1,20,2025-07-02 16:17:00,1.0,,4.064369,4.333215,4.037171,4.284572,4.059562,4.170799,5.88644,6.855796,9.294275,10.75377,1.202338,1.363765,1.204681,1.382601,1.739383,2.087128,6.05737,6.159824,10.35423,10.47127
mcll7huybpfp4y5wgj,0,11,7,3,3,7,70,1,5,2025-07-02 15:42:00,1,10,7,3,3,7,60,0,0,20,2025-07-02 15:47:00,0.0,,0.700788,0.375233,2.105988,0.65165,4.151126,1.57299,10.03335,6.234188,14.83326,10.48218,0.298717,-0.09537,1.724513,0.347457,3.403913,1.007346,8.47559,4.816841,12.59226,8.459012
mcll7huybpfp4y5wgj,0,4,6,0,6,0,30,1,3,2025-07-02 15:42:00,2,12,7,0,6,1,0,0,0,14,2025-07-02 15:49:00,0.0,,3.158469,3.543836,3.06701,3.441273,3.150491,3.390775,4.620787,5.605274,7.433346,8.766443,3.912336,4.637181,4.081763,4.39609,4.109044,4.117034,5.780547,6.866416,9.364089,10.8121
mcll7huybpfp4y5wgj,0,2,7,0,6,1,20,1,6,2025-07-02 15:43:00,3,9,6,6,0,12,40,0,0,24,2025-07-02 15:50:00,0.0,,1.211908,1.402188,1.186897,1.42494,1.676232,2.002467,6.057603,6.301292,10.41594,10.34389,0.687345,0.88202,0.666194,0.833041,1.146654,1.38045,4.788005,4.940869,8.449166,8.439706
mcll7huybpfp4y5wgj,0,7,6,3,3,6,50,1,2,2025-07-02 15:44:00,4,1,7,6,0,13,50,0,0,26,2025-07-02 15:52:00,0.0,,0.660961,0.791651,0.689464,0.834995,1.121732,1.346431,4.785388,4.943901,8.45501,8.448076,0.717449,0.45075,2.180846,0.618222,4.037146,1.598208,10.10853,6.214723,14.74061,10.45947
mcll7huybpfp4y5wgj,0,8,7,6,0,13,70,1,4,2025-07-02 15:45:00,5,5,6,3,3,6,50,0,0,18,2025-07-02 15:53:00,0.0,,4.037362,4.449025,4.046852,4.289603,4.030785,4.20345,5.857755,6.853458,9.381567,10.77692,1.169563,1.413856,1.198807,1.404004,1.716853,1.996053,6.084576,6.411181,10.42134,10.4478
mcll7huybpfp4y5wgj,0,6,6,6,0,12,70,1,1,2025-07-02 15:45:00,6,3,6,0,6,0,0,0,0,12,2025-07-02 15:54:00,0.0,,-1.85059,-1.13484,-1.90688,-1.62532,-1.91663,-1.73881,-1.86392,-1.95927,-1.91986,-1.63254,3.164188,3.603996,3.122097,3.474484,3.166726,3.323442,4.631402,5.543269,7.474259,8.781356
mcll7tv1j8mkkl5684,1,4,6,6,0,12,80,1,1,2025-07-02 15:42:00,1,8,7,3,3,7,51,0,1,20,2025-07-02 15:45:00,0.0,,0.635957,0.808164,0.66732,0.813655,1.135809,1.377565,4.804684,4.901147,8.415516,8.519932,-2.09799,-1.36912,-2.06537,-1.53323,-2.15789,-1.69948,-2.17194,-2.15235,-2.13615,-2.12134
mcll7tv1j8mkkl5684,1,10,6,3,3,6,80,1,2,2025-07-02 15:42:00,2,2,6,3,3,6,40,0,1,18,2025-07-02 15:46:00,0.0,,0.726972,0.405993,2.133909,0.699116,4.067584,1.580943,10.1152,6.215975,14.9338,10.39601,3.167988,3.531286,3.207795,3.616525,3.115557,3.394861,4.597834,5.50607,7.45266,8.604537
mcll7tv1j8mkkl5684,1,1,7,3,3,7,85,1,5,2025-07-02 15:43:00,3,9,6,6,0,12,56,0,1,24,2025-07-02 15:47:00,0.0,,-1.92116,-1.13649,-2.01192,-1.40231,-1.99602,-1.51212,-1.96723,-1.93664,-2.08728,-2.02369,-1.98745,-0.99188,-1.91302,-1.41555,-1.93662,-1.67211,-1.93128,-1.67689,-1.78583,-2.03661
mcll7tv1j8mkkl5684,1,12,7,6,0,13,80,1,4,2025-07-02 15:43:00,4,6,7,6,0,13,40,0,1,26,2025-07-02 15:48:00,0.0,,4.104202,4.460688,4.018137,4.287228,4.038069,4.082635,5.815855,6.802514,9.316162,10.84732,1.193857,1.398357,1.156716,1.397598,1.744404,1.998316,6.037814,6.312318,10.41772,10.47419
mcll7tv1j8mkkl5684,1,5,7,0,6,1,20,1,6,2025-07-02 15:43:00,5,7,6,0,6,0,0,0,1,12,2025-07-02 15:49:00,0.0,,-1.5866,-1.67487,-1.57699,-1.76263,-1.59783,-1.76889,-1.79169,-2.03161,-1.92791,-1.91922,0.650126,0.82602,0.652807,0.864486,1.153782,1.395274,4.752768,4.908548,8.463362,8.467357
mcll7tv1j8mkkl5684,1,3,6,0,6,0,0,1,3,2025-07-02 15:43:00,6,11,7,0,6,1,31,0,1,14,2025-07-02 15:50:00,0.0,,1.186621,1.373575,1.234349,1.432196,1.770075,2.044529,6.058243,6.358737,10.36917,10.57822,4.004889,4.543271,4.043039,4.284366,4.010926,4.223682,5.849318,6.870178,9.308924,10.81589
mcll84yq3c7p4tyfc3.sss,1,6,7,0,6,1,100,1,6,2025-07-02 15:41:00,1,12,7,3,3,7,30,0,1,20,2025-07-02 15:49:00,0.0,,3.06152,3.678507,3.031616,3.588046,3.106091,3.357392,4.560962,5.505979,7.534299,8.686515,3.253483,3.606596,3.227578,3.486179,3.105204,3.441101,4.579508,5.571902,7.446525,8.777471
mcll84yq3c7p4tyfc3.sss,1,11,6,3,3,6,60,1,2,2025-07-02 15:43:00,2,2,6,6,0,12,100,0,1,24,2025-07-02 15:51:00,0.0,,0.686091,0.400045,2.111607,0.606762,4.017129,1.588343,10.09137,6.222583,14.79958,10.36698,0.69253,0.490711,2.133079,0.742706,4.024478,1.621782,10.06889,6.161484,14.82648,10.26746
mcll84yq3c7p4tyfc3.sss,1,4,7,3,3,7,70,1,5,2025-07-02 15:44:00,3,5,7,6,0,13,100,0,1,26,2025-07-02 15:52:00,0.0,,-1.95627,-1.0462,-2.06383,-1.42393,-2.03928,-1.67112,-1.8718,-1.97989,-1.92683,-1.84373,0.652687,0.830847,0.692871,0.862544,1.120138,1.325135,4.812035,4.950473,8.455741,8.425388
mcll84yq3c7p4tyfc3.sss,1,1,7,6,0,13,54,1,4,2025-07-02 15:45:00,4,7,6,0,6,0,0,0,1,12,2025-07-02 15:53:00,0.0,,1.162611,1.385153,1.23885,1.377823,1.722274,1.983755,6.066586,6.356744,10.36861,10.42731,-1.90821,-1.01007,-1.96878,-1.38171,-1.95139,-1.76162,-1.90206,-2.06039,-1.93796,-2.09279
mcll84yq3c7p4tyfc3.sss,1,9,6,6,0,12,50,1,1,2025-07-02 15:46:00,5,8,6,3,3,6,50,0,1,18,2025-07-02 15:55:00,0.0,,0.613216,0.783282,0.674205,0.84434,1.171863,1.355162,4.758159,5.017152,8.391583,8.503399,1.163272,1.322352,1.22972,1.372295,1.775072,1.984954,6.106061,6.274537,10.38748,10.49518
mcll84yq3c7p4tyfc3.sss,1,3,6,0,6,0,0,1,3,2025-07-02 15:46:00,6,10,7,0,6,1,15,0,1,14,2025-07-02 15:56:00,0.0,,4.014723,4.606789,4.043913,4.382313,4.06927,4.240324,5.856432,6.868009,9.268602,10.78507,4.075767,4.371705,4.043087,4.365029,4.070832,4.167151,5.881065,6.894744,9.218338,10.73628
mcll866ye6pylz01bw.ass,0,2,6,6,0,12,40,0,1,2025-07-02 15:54:00,1,4,7,0,6,1,20,1,0,14,2025-07-02 15:44:00,0.0,,4.002122,4.388005,4.156802,4.36138,4.050028,4.171266,5.871345,6.953461,9.390276,10.69739,0.639828,0.833227,0.652032,0.831372,1.155727,1.336765,4.85747,4.966353,8.470103,8.333655
mcll866ye6pylz01bw.ass,0,9,7,3,3,7,60,0,5,2025-07-02 15:54:00,2,1,6,0,6,0,0,1,0,12,2025-07-02 15:46:00,0.0,,-1.85051,-0.96281,-1.89368,-1.40519,-1.97844,-1.69143,-2.00794,-1.67969,-1.84802,-1.78134,-1.99429,-0.9851,-2.01386,-1.52693,-1.97981,-1.78459,-1.90212,-1.81759,-1.96587,-1.93666
mcll866ye6pylz01bw.ass,0,6,7,6,0,13,50,0,4,2025-07-02 15:55:00,3,7,6,3,3,6,10,1,0,18,2025-07-02 15:48:00,0.0,,0.704062,0.377618,2.192988,0.676109,3.989768,1.636533,10.03133,6.226606,14.84462,10.53151,1.23332,1.341733,1.209821,1.405277,1.729987,1.996523,6.078049,6.300875,10.34595,10.49363
mcll866ye6pylz01bw.ass,0,3,7,0,6,1,30,0,6,2025-07-02 15:56:00,4,11,6,6,0,12,40,1,0,24,2025-07-02 15:49:00,0.0,,1.206832,1.406076,1.20479,1.381751,1.730051,2.00418,6.121409,6.27349,10.36495,10.46366,3.094466,3.531337,3.103755,3.646263,3.188709,3.334731,4.581074,5.577087,7.483425,8.722984
mcll866ye6pylz01bw.ass,0,8,6,3,3,6,80,0,2,2025-07-02 15:57:00,5,12,7,3,3,7,20,1,0,20,2025-07-02 15:51:00,0.0,,0.638104,0.822291,0.66863,0.859282,1.14511,1.461157,4.804493,5.020985,8.456334,8.431753,4.093734,4.519477,4.054483,4.387766,4.027473,4.144347,5.738777,6.891009,9.285164,10.79538
mcll866ye6pylz01bw.ass,0,10,6,0,6,0,0,0,3,2025-07-02 15:58:00,6,5,7,6,0,13,30,1,0,26,2025-07-02 15:53:00,0.0,,3.197777,3.502365,3.164965,3.506111,3.061089,3.379545,4.548583,5.532421,7.451329,8.837687,0.689211,0.460552,2.120422,0.709793,4.070833,1.759981,10.10506,6.137688,14.772,10.36762
mcll86pp7xanndb8wj.i,1,6,6,6,0,12,50,1,1,2025-07-02 15:43:00,1,4,6,6,0,12,50,0,1,24,2025-07-02 15:51:00,0.0,,-1.88357,-1.01965,-1.8578,-1.57084,-1.87209,-1.76339,-1.89352,-1.79078,-1.86788,-1.95305,0.706807,0.453078,2.159334,0.603925,4.097669,1.531067,10.10435,6.13019,14.82774,10.43695
mcll86pp7xanndb8wj.i,1,1,7,0,6,1,10,1,6,2025-07-02 15:44:00,2,2,7,0,6,1,95,0,1,14,2025-07-02 15:54:00,0.0,,0.621681,0.825447,0.687871,0.843066,1.164766,1.417517,4.789147,4.92115,8.414574,8.532919,0.638212,0.792972,0.683198,0.861969,1.129789,1.341515,4.759081,4.997783,8.441224,8.509583
mcll86pp7xanndb8wj.i,1,3,6,0,6,0,0,1,3,2025-07-02 15:44:00,3,7,6,3,3,6,60,0,1,18,2025-07-02 15:56:00,0.0,,3.980335,4.272674,4.183094,4.166716,4.022723,4.218026,5.860139,6.875795,9.28782,10.82449,-2.04669,-0.94911,-2.0518,-1.34792,-1.96937,-1.66599,-1.76831,-1.93743,-1.89432,-2.0485
mcll86pp7xanndb8wj.i,1,11,7,3,3,7,70,1,5,2025-07-02 15:46:00,4,12,6,0,6,0,0,0,1,12,2025-07-02 15:57:00,0.0,,3.115329,3.480001,3.110596,3.526701,3.237449,3.350463,4.609453,5.451447,7.488483,8.798386,-1.78826,-2.04634,-1.7574,-1.99715,-1.78044,-1.82332,-1.92523,-2.05877,-2.01802,-2.06399
mcll86pp7xanndb8wj.i,1,10,6,3,3,6,65,1,2,2025-07-02 15:46:00,5,5,7,3,3,7,30,0,1,20,2025-07-02 16:00:00,0.0,,-2.04188,-1.55326,-1.92397,-1.63667,-2.04818,-1.85683,-2.11126,-2.00141,-2.07488,-2.03613,1.187377,1.396504,1.193286,1.390215,1.756347,1.982644,6.018507,6.3122,10.44393,10.48348
mcll86pp7xanndb8wj.i,1,8,7,6,0,13,50,1,4,2025-07-02 15:47:00,6,9,7,6,0,13,35,0,1,26,2025-07-02 16:03:00,0.0,,-1.68545,-1.46688,-1.69785,-1.69217,-1.74252,-1.76616,-2.04207,-1.83552,-1.99808,-2.19546,3.374679,3.585404,3.136658,3.477728,3.194426,3.396635,4.601934,5.644671,7.433473,8.792373
mcll8qiatel5yqpclxq,1,11,7,3,3,7,69,1,5,2025-07-02 15:45:00,1,12,7,3,3,7,52,0,1,20,2025-07-02 15:59:00,1.0,,3.083644,3.484118,3.053625,3.638912,3.135292,3.329602,4.574841,5.565723,7.455688,8.761543,-1.93753,-0.87194,-1.91164,-1.34762,-1.8368,-1.5533,-1.98581,-1.72935,-1.86502,-1.62259
mcll8qiatel5yqpclxq,1,3,7,0,6,1,17,1,6,2025-07-02 15:48:00,2,5,7,6,0,13,84,0,1,26,2025-07-02 16:06:00,1.0,,4.064029,4.255775,4.151146,4.379451,4.019515,4.272274,5.829375,6.805279,9.242734,10.80298,0.653983,0.807876,0.638612,0.837937,1.171714,1.360594,4.789335,4.97133,8.44961,8.471193
mcll8qiatel5yqpclxq,1,7,6,6,0,12,58,1,1,2025-07-02 15:49:00,3,2,6,0,6,0,0,0,1,12,2025-07-02 16:07:00,1.0,,0.639555,0.796088,0.665916,0.833376,1.152315,1.376258,4.729546,4.922851,8.402782,8.469119,3.971483,4.288922,4.072132,4.432033,4.11759,4.162012,5.772742,6.869857,9.272224,10.68507
mcll8qiatel5yqpclxq,1,4,6,0,6,0,0,1,3,2025-07-02 15:50:00,4,9,6,6,0,12,40,0,1,24,2025-07-02 16:11:00,1.0,,-2.09553,-1.01991,-1.87673,-1.49181,-1.9751,-1.61755,-2.03406,-1.82762,-1.88875,-2.09517,3.236119,3.591652,3.13314,3.599933,3.20424,3.313573,4.566128,5.504329,7.454665,8.7565
mcll8qiatel5yqpclxq,1,6,7,6,0,13,56,1,4,2025-07-02 15:52:00,5,10,7,0,6,1,22,0,1,14,2025-07-02 16:14:00,1.0,,1.201551,1.351271,1.170152,1.399146,1.774308,2.021991,6.101039,6.314244,10.42618,10.37038,1.201103,1.37415,1.185597,1.395509,1.715658,1.994534,6.10238,6.300081,10.46529,10.35205
mcll8qiatel5yqpclxq,1,1,6,3,3,6,50,1,2,2025-07-02 15:53:00,6,8,6,3,3,6,53,0,1,18,2025-07-02 16:18:00,1.0,,0.70596,0.426014,2.13378,0.711691,4.065759,1.529235,10.06712,6.203973,14.82783,10.43365,0.698639,0.389562,2.13291,0.608454,4.089152,1.575727,10.09367,6.245922,14.7665,10.34073
mcllag1fzlihejt9uo.p77,0,1,6,6,0,12,80,1,1,2025-07-02 15:44:00,1,4,7,0,6,1,30,0,0,14,2025-07-02 15:47:00,0.0,,3.199989,3.514688,3.122374,3.596091,3.200063,3.335304,4.527301,5.519544,7.456999,8.820952,0.669984,0.447506,2.165293,0.635108,4.154727,1.642095,10.09713,6.078606,14.88424,10.50773
mcllag1fzlihejt9uo.p77,0,2,7,6,0,13,85,1,4,2025-07-02 15:44:00,2,11,6,6,0,12,60,0,0,24,2025-07-02 15:48:00,0.0,,3.905626,4.564911,4.020821,4.357441,3.944868,4.273545,5.814533,6.977055,9.258072,10.77857,4.022609,4.358302,4.064503,4.395261,3.897609,4.235282,5.917106,6.953666,9.280353,10.79309
mcllag1fzlihejt9uo.p77,0,12,6,3,3,6,60,1,2,2025-07-02 15:45:00,3,9,7,6,0,13,70,0,0,26,2025-07-02 15:49:00,0.0,,0.667858,0.467907,2.145258,0.653753,4.0117,1.701887,10.10141,6.131216,14.83344,10.45243,0.625745,0.812264,0.622599,0.811392,1.116027,1.421621,4.812804,5.037766,8.45471,8.526884
mcllag1fzlihejt9uo.p77,0,5,7,3,3,7,80,1,5,2025-07-02 15:45:00,4,10,7,3,3,7,50,0,0,20,2025-07-02 15:50:00,0.0,,0.596406,0.818124,0.68693,0.88329,1.105464,1.407381,4.820639,4.880126,8.423453,8.45091,1.187534,1.326932,1.155599,1.42119,1.730119,1.97449,6.05764,6.320306,10.42182,10.3486
mcllag1fzlihejt9uo.p77,0,3,6,0,6,0,10,1,3,2025-07-02 15:45:00,5,7,6,3,3,6,20,0,0,18,2025-07-02 15:51:00,0.0,,-1.90987,-1.01892,-1.99975,-1.46653,-1.81903,-1.80347,-1.95533,-1.52938,-2.02771,-2.04122,3.126272,3.549611,3.098217,3.50528,3.163879,3.2484,4.52796,5.442085,7.470816,8.783899
mcllag1fzlihejt9uo.p77,0,8,7,0,6,1,30,1,6,2025-07-02 15:46:00,6,6,6,0,6,0,0,0,0,12,2025-07-02 15:51:00,0.0,,1.188054,1.329874,1.231825,1.396728,1.773091,2.005027,6.070376,6.441891,10.47272,10.44512,-2.15068,-1.10686,-1.99472,-1.50709,-1.96137,-1.71816,-1.86913,-1.69072,-2.02738,-1.87547
mcllbat1t0udyejp68.ass,1,3,6,6,0,12,65,0,1,2025-07-02 15:51:00,1,11,7,0,6,1,30,1,1,14,2025-07-02 15:44:00,0.0,,4.005516,4.306856,4.054431,4.478365,4.018272,4.327226,5.789047,6.880803,9.385449,10.73951,0.663743,0.841587,0.645127,0.845065,1.116072,1.384395,4.763484,4.918973,8.447013,8.434872
mcllbat1t0udyejp68.ass,1,2,7,6,0,13,65,0,4,2025-07-02 15:51:00,2,8,7,6,0,13,40,1,1,26,2025-07-02 15:46:00,0.0,,-1.90401,-0.77695,-1.83458,-1.3971,-1.93926,-1.68533,-1.98079,-2.0744,-1.92256,-1.78984,4.011253,4.507053,4.113536,4.348357,4.066078,4.095756,5.873485,6.879018,9.363498,10.75931
mcllbat1t0udyejp68.ass,1,10,7,0,6,1,10,0,6,2025-07-02 15:51:00,3,5,6,3,3,6,20,1,1,18,2025-07-02 15:47:00,0.0,,1.150847,1.387268,1.268569,1.380283,1.720637,2.030276,6.067031,6.329124,10.40607,10.40347,1.199821,1.394297,1.199059,1.377981,1.759927,1.984876,6.050061,6.380674,10.45307,10.32465
mcllbat1t0udyejp68.ass,1,6,6,3,3,6,50,0,2,2025-07-02 15:52:00,4,9,7,3,3,7,20,1,1,20,2025-07-02 15:48:00,0.0,,0.628564,0.805453,0.705963,0.836918,1.149988,1.414959,4.796251,4.94683,8.381677,8.470493,0.708474,0.415155,2.145407,0.707583,3.996284,1.605874,10.05799,6.314956,14.76248,10.46362
mcllbat1t0udyejp68.ass,1,4,6,0,6,0,0,0,3,2025-07-02 15:52:00,5,1,6,6,0,12,40,1,1,24,2025-07-02 15:49:00,0.0,,3.209178,3.712507,3.202043,3.51264,3.103836,3.401594,4.582864,5.557656,7.444041,8.854577,-2.06405,-0.95515,-1.8842,-1.46643,-1.9256,-1.80555,-1.77333,-2.0564,-2.05162,-2.03314
mcllbat1t0udyejp68.ass,1,7,7,3,3,7,50,0,5,2025-07-02 15:52:00,6,12,6,0,6,0,0,1,1,12,2025-07-02 15:50:00,0.0,,0.706031,0.442358,2.125246,0.719024,4.130467,1.571454,10.00088,6.273889,14.84626,10.3563,3.128356,3.640598,3.199344,3.501427,3.101491,3.40388,4.586156,5.460488,7.508542,8.69841
mclldxvsmo35k8j2cy,1,4,7,6,0,13,65,0,4,2025-07-02 16:03:00,1,5,7,0,6,1,0,1,1,14,2025-07-02 15:46:00,1.0,,0.304154,0.036228,1.707914,0.269745,3.404633,1.038314,8.536287,4.930864,12.55519,8.361914,-1.46656,-1.37458,-1.517,-1.4556,-1.66761,-1.65981,-1.91446,-2.03844,-1.90698,-1.64772
mclldxvsmo35k8j2cy,1,6,6,6,0,12,56,0,1,2025-07-02 16:03:00,2,9,6,0,6,0,0,1,1,12,2025-07-02 15:53:00,1.0,,1.208627,1.36339,1.240993,1.471309,1.757714,1.962614,6.034087,6.231516,10.4065,10.33439,2.984685,3.75044,3.193679,3.651216,3.10193,3.40956,4.592798,5.528818,7.59065,8.720239
mclldxvsmo35k8j2cy,1,7,6,3,3,6,14,0,2,2025-07-02 16:03:00,3,10,6,3,3,6,1,1,1,18,2025-07-02 15:54:00,1.0,,0.698705,0.452267,2.149432,0.666273,4.092672,1.616164,10.16036,6.171848,14.78097,10.37984,-1.81537,-1.91349,-1.77172,-1.8446,-1.784,-1.94301,-2.03422,-2.02762,-2.00725,-2.10077
mclldxvsmo35k8j2cy,1,11,7,0,6,1,59,0,6,2025-07-02 16:05:00,4,3,7,3,3,7,58,1,1,20,2025-07-02 16:00:00,1.0,,0.646463,0.80953,0.708905,0.877077,1.145527,1.436576,4.748542,5.028472,8.448581,8.484603,1.207959,1.436582,1.256979,1.427695,1.734582,2.010825,6.098295,6.37761,10.43989,10.48858
mclldxvsmo35k8j2cy,1,2,7,3,3,7,72,0,5,2025-07-02 16:05:00,5,12,7,6,0,13,24,1,1,26,2025-07-02 16:01:00,1.0,,3.124286,3.612806,3.225811,3.550274,3.243636,3.387221,4.600648,5.48561,7.486965,8.783104,0.309774,-0.01283,1.782766,0.293908,3.428597,1.047297,8.557055,4.921138,12.543,8.424956
mclldxvsmo35k8j2cy,1,1,6,0,6,0,0,0,3,2025-07-02 16:05:00,6,8,6,6,0,12,72,1,1,24,2025-07-02 16:02:00,1.0,,4.101968,4.429758,3.99169,4.393236,4.097489,4.180375,5.798149,6.91321,9.325594,10.67227,0.671086,0.410519,2.13929,0.703182,4.085776,1.633304,10.09388,6.17719,14.90396,10.46202
mclle2spltt3ajqc4m.wee,0,11,6,0,6,0,100,1,3,2025-07-02 15:50:00,1,1,6,3,3,6,0,0,0,18,2025-07-02 15:55:00,0.0,,0.693023,0.415253,2.126858,0.673396,4.024607,1.703542,10.11867,6.014723,14.85518,10.36916,1.230089,1.385414,1.237105,1.368079,1.702426,2.024619,6.042601,6.293288,10.43928,10.51553
mclle2spltt3ajqc4m.wee,0,8,7,3,3,7,70,1,5,2025-07-02 15:51:00,2,2,6,6,0,12,20,0,0,24,2025-07-02 15:57:00,0.0,,0.630232,0.815589,0.669654,0.866084,1.163584,1.326563,4.72066,4.873896,8.459854,8.566145,-1.90133,-1.04073,-1.84558,-1.45416,-1.90919,-1.58552,-2.02105,-1.93358,-1.90219,-2.01207
mclle2spltt3ajqc4m.wee,0,4,7,0,6,1,70,1,6,2025-07-02 15:51:00,3,3,7,6,0,13,-30,0,0,26,2025-07-02 16:00:00,0.0,,4.063737,4.461942,3.987712,4.402327,4.040927,4.216173,5.785731,6.96014,9.305385,10.7762,4.078429,4.27657,4.05288,4.419355,4.01673,4.183192,5.852995,6.901654,9.280367,10.72769
mclle2spltt3ajqc4m.wee,0,10,6,3,3,6,60,1,2,2025-07-02 15:52:00,4,7,7,3,3,7,60,0,0,20,2025-07-02 16:02:00,0.0,,3.085986,3.535896,3.114369,3.504569,3.213196,3.254804,4.620734,5.44941,7.462592,8.708142,0.698311,0.428925,2.071714,0.661038,4.010792,1.555033,10.16045,6.210794,14.92103,10.53772
mclle2spltt3ajqc4m.wee,0,9,6,6,0,12,60,1,1,2025-07-02 15:52:00,5,6,6,0,6,0,20,0,0,12,2025-07-02 16:03:00,0.0,,1.173736,1.429329,1.192697,1.436235,1.763259,2.014804,6.055919,6.303777,10.40426,10.39581,3.124606,3.737856,3.008681,3.442229,3.131251,3.370367,4.66197,5.497375,7.600046,8.868086
mclle2spltt3ajqc4m.wee,0,12,7,6,0,13,55,1,4,2025-07-02 15:52:00,6,5,7,0,6,1,50,0,0,14,2025-07-02 16:05:00,0.0,,-1.95352,-1.14676,-1.89388,-1.49678,-1.94356,-1.73905,-2.08261,-1.96799,-1.99091,-1.98545,0.621502,0.821954,0.685175,0.821222,1.135371,1.355484,4.747515,4.910434,8.423292,8.435216
mcllegdr0rb3wv31m4.3ll,0,7,7,3,3,7,70,0,5,2025-07-02 15:54:00,1,8,7,0,6,1,20,1,0,14,2025-07-02 15:47:00,0.0,,1.181475,1.420492,1.166925,1.402064,1.738465,1.965387,6.043212,6.299469,10.39544,10.58196,-1.99775,-1.03746,-1.88135,-1.48891,-1.96565,-1.75121,-1.89572,-1.68442,-1.92374,-1.7978
mcllegdr0rb3wv31m4.3ll,0,10,6,3,3,6,50,0,2,2025-07-02 15:54:00,2,4,6,0,6,0,0,1,0,12,2025-07-02 15:48:00,0.0,,3.064325,3.766358,3.174484,3.534147,3.1452,3.389706,4.565895,5.642656,7.467724,8.81122,3.938933,4.524747,4.035312,4.48991,4.017419,4.241425,5.762053,6.940212,9.297257,10.72941
mcllegdr0rb3wv31m4.3ll,0,5,7,0,6,1,100,0,6,2025-07-02 15:55:00,3,11,7,6,0,13,20,1,0,26,2025-07-02 15:50:00,0.0,,-2.15638,-1.40012,-2.11236,-1.61873,-2.13719,-1.74005,-1.9012,-1.84205,-2.07014,-2.37657,-1.62968,-1.67726,-1.67715,-1.64324,-1.83438,-1.93572,-2.00724,-2.06249,-2.07346,-2.25515
mcllegdr0rb3wv31m4.3ll,0,9,6,6,0,12,50,0,1,2025-07-02 15:55:00,4,6,7,3,3,7,10,1,0,20,2025-07-02 15:51:00,0.0,,4.054225,4.450424,4.023984,4.420347,4.031783,4.13913,5.835784,6.898643,9.322567,10.73773,3.140121,3.698683,3.144864,3.54904,3.094408,3.395217,4.552983,5.540661,7.425617,8.754716
mcllegdr0rb3wv31m4.3ll,0,3,6,0,6,0,0,0,3,2025-07-02 15:55:00,5,12,6,6,0,12,10,1,0,24,2025-07-02 15:52:00,0.0,,-1.98856,-1.03036,-1.93408,-1.4888,-2.00837,-1.50629,-2.0801,-1.76626,-1.93257,-1.85515,-2.17536,-1.28061,-2.01766,-1.47105,-2.04369,-1.79964,-2.20745,-1.91464,-2.05254,-2.12545
mcllegdr0rb3wv31m4.3ll,0,1,7,6,0,13,60,0,4,2025-07-02 15:56:00,6,2,6,3,3,6,30,1,0,18,2025-07-02 15:53:00,0.0,,0.640819,0.81435,0.633435,0.838802,1.11209,1.398074,4.743351,4.927393,8.414452,8.570888,-1.44301,-1.46013,-1.49033,-1.49654,-1.73112,-1.57788,-1.93087,-1.8912,-1.81907,-1.74417
mcllggn3tj8budljfi,0,2,7,3,3,7,35,0,5,2025-07-02 15:55:00,1,7,6,0,6,0,0,1,0,12,2025-07-02 15:48:00,0.0,,0.68912,0.304213,2.111566,0.693414,4.170804,1.558071,10.00493,6.178165,14.88132,10.58107,3.286838,3.525526,3.142467,3.555123,3.1123,3.424299,4.609107,5.509841,7.466007,8.732364
mcllggn3tj8budljfi,0,10,6,6,0,12,50,0,1,2025-07-02 15:55:00,2,8,7,6,0,13,70,1,0,26,2025-07-02 15:50:00,0.0,,-1.97278,-0.9205,-1.96238,-1.4095,-1.93887,-1.6714,-1.91237,-2.00032,-1.93218,-1.8494,3.914789,4.40464,4.065617,4.236423,4.156914,4.172696,5.83644,6.760361,9.311314,10.69686
mcllggn3tj8budljfi,0,11,7,0,6,1,0,0,6,2025-07-02 15:56:00,3,3,7,3,3,7,0,1,0,20,2025-07-02 15:51:00,0.0,,3.923137,4.540156,4.065044,4.367555,4.092352,4.049417,5.751174,6.916864,9.34881,10.74336,1.138328,1.383764,1.216965,1.420585,1.738452,2.052272,6.052612,6.408532,10.40599,10.45142
mcllggn3tj8budljfi,0,6,7,6,0,13,50,0,4,2025-07-02 15:56:00,4,12,6,6,0,12,15,1,0,24,2025-07-02 15:52:00,0.0,,3.205364,3.642691,3.182818,3.612064,3.092223,3.290535,4.60461,5.470066,7.43336,8.788963,0.686072,0.275881,2.169728,0.628299,4.123882,1.634082,10.03625,6.139569,14.75403,10.56892
mcllggn3tj8budljfi,0,9,6,0,6,0,0,0,3,2025-07-02 15:57:00,5,4,7,0,6,1,0,1,0,14,2025-07-02 15:53:00,0.0,,1.1968,1.366579,1.211812,1.363701,1.735348,2.073332,6.098067,6.390742,10.44163,10.5084,0.276446,-0.00282,1.735889,0.376343,3.4094,1.048916,8.489276,4.997,12.5128,8.533702
mcllggn3tj8budljfi,0,1,6,3,3,6,20,0,2,2025-07-02 15:57:00,6,5,6,3,3,6,0,1,0,18,2025-07-02 15:54:00,0.0,,0.692205,0.822904,0.694616,0.877063,1.106731,1.360663,4.802929,5.086252,8.423746,8.696259,0.648887,0.784757,0.644528,0.851102,1.152683,1.456347,4.786449,4.928463,8.456646,8.561099
mcllpifgvj82skgv0j,1,11,7,6,0,13,70,1,4,2025-07-02 15:54:00,1,4,6,6,0,12,21,0,1,24,2025-07-02 15:57:00,0.0,,4.213533,4.436693,4.007082,4.210818,4.037163,4.239859,5.865258,6.924492,9.230558,10.80695,0.639921,0.809363,0.661814,0.80393,1.13486,1.383562,4.748161,4.946776,8.408761,8.412468
mcllpifgvj82skgv0j,1,2,6,0,6,0,1,1,3,2025-07-02 15:54:00,2,8,6,3,3,6,72,0,1,18,2025-07-02 15:58:00,0.0,,3.171548,3.544944,3.071559,3.494299,3.116295,3.337961,4.529462,5.547874,7.494686,8.720148,3.238019,3.649632,3.215425,3.488691,3.099453,3.380684,4.660097,5.526671,7.442121,8.76186
mcllpifgvj82skgv0j,1,9,7,3,3,7,55,1,5,2025-07-02 15:55:00,3,6,6,0,6,0,0,0,1,12,2025-07-02 15:58:00,0.0,,0.682336,0.423972,2.159747,0.711909,4.073597,1.675705,10.1772,6.230363,14.81734,10.49678,1.114551,1.378839,1.211456,1.445848,1.720411,1.98043,6.081251,6.369143,10.41573,10.32594
mcllpifgvj82skgv0j,1,12,6,6,0,12,59,1,1,2025-07-02 15:55:00,4,1,7,6,0,13,70,0,1,26,2025-07-02 15:59:00,0.0,,1.19319,1.377695,1.207077,1.421325,1.760654,2.056341,6.061761,6.323175,10.46737,10.45821,0.682157,0.454254,2.077887,0.68846,4.052206,1.584185,10.07362,6.118194,14.87709,10.55052
mcllpifgvj82skgv0j,1,3,6,3,3,6,48,1,2,2025-07-02 15:55:00,5,10,7,3,3,7,17,0,1,20,2025-07-02 16:00:00,0.0,,0.65889,0.852265,0.630528,0.861614,1.157346,1.36835,4.784335,4.917549,8.427759,8.348881,4.169728,4.558137,4.046185,4.365208,4.058239,4.188751,5.868972,6.834524,9.310455,10.79501
mcllpifgvj82skgv0j,1,7,7,0,6,1,17,1,6,2025-07-02 15:56:00,6,5,7,0,6,1,10,0,1,14,2025-07-02 16:01:00,0.0,,-1.95394,-0.98872,-1.79126,-1.45685,-1.9094,-1.56941,-1.92517,-1.92498,-2.02959,-1.7882,-1.89617,-1.00692,-1.90093,-1.60757,-1.91446,-1.63607,-1.86999,-1.75884,-1.99048,-2.02817
mcllrghza5ib1834wz.777,1,6,7,6,0,13,58,0,4,2025-07-02 16:08:00,1,10,7,3,3,7,10,1,1,20,2025-07-02 16:04:00,0.0,,0.299468,-0.01782,1.75524,0.288915,3.350404,1.067372,8.504921,4.831741,12.53553,8.504107,1.215603,1.361058,1.248917,1.421407,1.725354,2.091794,6.080535,6.286776,10.401,10.35611
mcllrghza5ib1834wz.777,1,3,6,6,0,12,57,0,1,2025-07-02 16:08:00,2,12,6,6,0,12,8,1,1,24,2025-07-02 16:05:00,0.0,,4.134638,4.410051,4.091366,4.327793,4.04151,4.206392,5.80714,6.895406,9.31869,10.7924,0.657828,0.835329,0.641221,0.879046,1.160162,1.381825,4.772997,5.01914,8.383694,8.356689
mcllrghza5ib1834wz.777,1,2,7,3,3,7,55,0,5,2025-07-02 16:09:00,3,5,6,3,3,6,33,1,1,18,2025-07-02 16:06:00,0.0,,0.637365,0.813341,0.668915,0.803759,1.13115,1.305642,4.743779,5.003933,8.468937,8.454655,0.698533,0.406269,2.145248,0.643359,4.159531,1.616423,9.994916,6.158536,14.70971,10.40045
mcllrghza5ib1834wz.777,1,7,6,0,6,0,3,0,3,2025-07-02 16:09:00,4,4,7,0,6,1,0,1,1,14,2025-07-02 16:06:00,0.0,,1.168601,1.360659,1.215135,1.455191,1.690978,2.009294,6.080948,6.314535,10.35489,10.45187,4.172855,4.268453,4.035881,4.421587,4.03625,4.195108,5.759688,6.946332,9.257947,10.81098
mcllrghza5ib1834wz.777,1,8,6,3,3,6,30,0,2,2025-07-02 16:09:00,5,11,7,6,0,13,39,1,1,26,2025-07-02 16:07:00,0.0,,0.687163,0.400128,2.168058,0.649672,4.122614,1.605523,10.05044,6.027648,14.83751,10.4709,3.150948,3.470275,3.195645,3.527183,3.061532,3.300767,4.618985,5.476349,7.415971,8.697871
mcllrghza5ib1834wz.777,1,9,7,0,6,1,17,0,6,2025-07-02 16:10:00,6,1,6,0,6,0,0,1,1,12,2025-07-02 16:08:00,0.0,,3.17729,3.543284,3.170734,3.461965,3.180321,3.351983,4.596325,5.574133,7.517784,8.735269,-2.10301,-1.08697,-1.97953,-1.47413,-1.89839,-1.55445,-1.85364,-2.05667,-1.96677,-2.02977
mclly3rvc8smsr6a1a.lll,0,10,7,6,0,13,10,0,4,2025-07-02 16:11:00,1,12,6,0,6,0,0,1,0,12,2025-07-02 16:03:00,0.0,,3.10216,3.504001,3.208905,3.470416,3.21589,3.397241,4.48207,5.547082,7.498631,8.675,0.283771,-0.04118,1.706097,0.273094,3.394913,1.007251,8.529426,4.834135,12.57304,8.442477
mclly3rvc8smsr6a1a.lll,0,7,6,3,3,6,65,0,2,2025-07-02 16:12:00,2,5,6,6,0,12,25,1,0,24,2025-07-02 16:05:00,0.0,,3.984197,4.555375,4.002716,4.346424,4.076493,4.129233,5.828591,6.829461,9.351797,10.8183,3.113042,3.594322,3.241754,3.499175,3.216302,3.283782,4.582466,5.547637,7.511623,8.77232
mclly3rvc8smsr6a1a.lll,0,9,7,3,3,7,70,0,5,2025-07-02 16:12:00,3,11,7,6,0,13,30,1,0,26,2025-07-02 16:06:00,0.0,,0.654619,0.862952,0.700635,0.866872,1.128872,1.409005,4.780239,4.935929,8.386549,8.402832,0.698738,0.41255,2.128271,0.660526,4.123822,1.613714,10.05302,6.154815,14.76903,10.40436
mclly3rvc8smsr6a1a.lll,0,2,6,6,0,12,50,0,1,2025-07-02 16:13:00,4,4,6,3,3,6,55,1,0,18,2025-07-02 16:08:00,0.0,,1.168215,1.349607,1.286665,1.415975,1.731456,2.047265,6.121742,6.40895,10.42637,10.54794,3.971472,4.351897,4.025582,4.517922,4.003301,4.264341,5.855658,7.024198,9.378347,10.65238
mclly3rvc8smsr6a1a.lll,0,1,6,0,6,0,0,0,3,2025-07-02 16:13:00,5,6,7,0,6,1,100,1,0,14,2025-07-02 16:09:00,0.0,,0.322118,-0.04455,1.734364,0.309413,3.394549,1.013775,8.39944,4.911444,12.48397,8.521082,1.146093,1.409599,1.183602,1.38488,1.75594,1.960884,6.058282,6.300471,10.43965,10.62594
mclly3rvc8smsr6a1a.lll,0,8,7,0,6,1,15,0,6,2025-07-02 16:13:00,6,3,7,3,3,7,75,1,0,20,2025-07-02 16:10:00,0.0,,0.702885,0.349658,2.122216,0.659539,4.104994,1.645187,10.04949,6.203196,14.84385,10.51305,0.625698,0.844055,0.682791,0.869098,1.10966,1.404484,4.778776,4.91735,8.422315,8.421492
mclm3nkm6iaxoft5xt.ass,0,5,7,3,3,7,34,1,5,2025-07-02 16:05:00,1,7,7,6,0,13,48,0,0,26,2025-07-02 16:09:00,0.0,,0.655925,0.817113,0.736593,0.835482,1.124158,1.340274,4.770161,4.978822,8.463527,8.52601,4.025229,4.426091,4.052753,4.45405,4.053076,4.090078,5.896768,6.873114,9.331288,10.67779
mclm3nkm6iaxoft5xt.ass,0,11,6,6,0,12,32,1,1,2025-07-02 16:06:00,2,3,7,3,3,7,-65,0,0,20,2025-07-02 16:10:00,0.0,,4.011134,4.415733,4.177445,4.214386,4.072384,4.277065,5.827392,6.880273,9.322382,10.85607,0.690473,0.435385,2.161089,0.709506,4.09357,1.678103,10.14902,6.141553,14.85948,10.492
mclm3nkm6iaxoft5xt.ass,0,9,7,6,0,13,67,1,4,2025-07-02 16:06:00,3,12,6,3,3,6,-7,0,0,18,2025-07-02 16:11:00,0.0,,0.688157,0.414633,2.196368,0.700381,4.049959,1.68387,10.10527,6.116607,14.88983,10.45543,1.188837,1.414968,1.257884,1.365816,1.719545,1.94219,6.107734,6.31862,10.40729,10.52169
mclm3nkm6iaxoft5xt.ass,0,6,6,3,3,6,52,1,2,2025-07-02 16:07:00,4,2,6,6,0,12,18,0,0,24,2025-07-02 16:12:00,0.0,,1.239641,1.353242,1.234571,1.430513,1.745571,2.045555,6.08679,6.226969,10.46191,10.43857,0.627167,0.813265,0.691756,0.852512,1.158542,1.405864,4.73845,5.000671,8.416443,8.543956
mclm3nkm6iaxoft5xt.ass,0,8,7,0,6,1,93,1,6,2025-07-02 16:07:00,5,4,6,0,6,0,86,0,0,12,2025-07-02 16:13:00,0.0,,3.161078,3.780611,3.188176,3.496389,3.15375,3.326873,4.580209,5.599882,7.520767,8.665442,-2.07764,-1.07712,-1.84974,-1.50427,-1.91226,-1.89724,-1.98181,-1.81468,-2.10735,-1.75556
mclm3nkm6iaxoft5xt.ass,0,10,6,0,6,0,-3,1,3,2025-07-02 16:07:00,6,1,7,0,6,1,86,0,0,14,2025-07-02 16:14:00,0.0,,-2.01614,-0.98711,-1.95577,-1.58192,-1.88581,-1.81503,-2.04485,-1.89084,-1.97783,-1.70208,3.077976,3.67025,3.163688,3.531911,3.182406,3.39414,4.535859,5.537503,7.479846,8.823285
mclmeekysi90pq3ygt.3ll,1,12,7,0,6,1,12,1,6,2025-07-02 16:13:00,1,2,7,3,3,7,12,0,1,20,2025-07-02 16:16:00,0.0,,0.668138,0.822658,0.667839,0.83796,1.153709,1.343514,4.707855,4.9225,8.463608,8.508292,0.66361,0.816753,0.659776,0.854042,1.154756,1.395859,4.814954,5.00145,8.432469,8.588958
mclmeekysi90pq3ygt.3ll,1,1,7,3,3,7,58,1,5,2025-07-02 16:13:00,2,4,7,0,6,1,10,0,1,14,2025-07-02 16:16:00,0.0,,1.155628,1.34284,1.196867,1.389687,1.721238,1.982923,6.139801,6.34245,10.47504,10.59499,-1.85862,-1.08962,-1.75539,-1.56035,-1.88481,-1.70621,-2.02867,-1.59335,-1.81732,-2.01393
mclmeekysi90pq3ygt.3ll,1,6,6,6,0,12,48,1,1,2025-07-02 16:14:00,3,11,7,6,0,13,52,0,1,26,2025-07-02 16:17:00,0.0,,-2.00274,-0.90899,-1.96691,-1.36817,-1.8557,-1.66449,-2.10568,-1.95032,-1.91549,-1.97305,0.708957,0.451602,2.120404,0.736272,4.170977,1.684606,10.03643,6.322346,14.77393,10.44714
mclmeekysi90pq3ygt.3ll,1,7,7,6,0,13,68,1,4,2025-07-02 16:14:00,4,5,6,6,0,12,61,0,1,24,2025-07-02 16:19:00,0.0,,0.679157,0.409369,2.118107,0.756592,4.134425,1.659657,10.12995,6.125889,14.87229,10.46035,4.259675,4.405887,4.017796,4.341554,4.136204,4.110004,5.835374,6.933779,9.250502,10.77237
mclmeekysi90pq3ygt.3ll,1,9,6,0,6,0,0,1,3,2025-07-02 16:14:00,5,3,6,3,3,6,5,0,1,18,2025-07-02 16:19:00,0.0,,4.013592,4.641434,4.040205,4.386866,4.00296,4.184656,5.843679,6.980614,9.263973,10.7968,3.040543,3.503749,3.20939,3.532292,3.189048,3.363577,4.573848,5.559364,7.430916,8.82498
mclmeekysi90pq3ygt.3ll,1,10,6,3,3,6,41,1,2,2025-07-02 16:14:00,6,8,6,0,6,0,0,0,1,12,2025-07-02 16:20:00,0.0,,3.095192,3.592587,3.265598,3.499814,3.180859,3.419735,4.707062,5.479121,7.468009,8.846009,1.146424,1.436946,1.229487,1.403255,1.71858,1.964398,6.088611,6.339305,10.39999,10.34511
mclmelnxdtg1tym371.i,0,3,6,3,3,6,49,0,2,2025-07-02 16:20:00,1,1,7,6,0,13,24,1,0,26,2025-07-02 16:15:00,1.0,,4.061659,4.532041,3.962077,4.35602,4.043426,4.147377,5.894745,6.811715,9.310198,10.6746,4.077784,4.543152,4.08705,4.322876,3.919926,4.201387,5.892391,6.939197,9.309703,10.71079
mclmelnxdtg1tym371.i,0,9,7,6,0,13,48,0,4,2025-07-02 16:20:00,2,6,7,0,6,1,57,1,0,14,2025-07-02 16:16:00,1.0,,-1.81597,-1.04897,-1.95984,-1.45793,-1.96177,-1.65054,-1.97493,-1.70096,-1.77719,-2.00962,0.627868,0.800185,0.701249,0.850381,1.133045,1.362485,4.769742,4.982483,8.410834,8.509238
mclmelnxdtg1tym371.i,0,4,7,0,6,1,10,0,6,2025-07-02 16:20:00,3,12,7,3,3,7,35,1,0,20,2025-07-02 16:17:00,1.0,,3.087763,3.699953,3.179192,3.454053,3.2037,3.366986,4.610414,5.510875,7.481348,8.733083,1.153795,1.337241,1.188707,1.393608,1.725055,1.965018,6.091987,6.348742,10.36821,10.50589
mclmelnxdtg1tym371.i,0,7,7,3,3,7,44,0,5,2025-07-02 16:20:00,4,5,6,3,3,6,42,1,0,18,2025-07-02 16:18:00,1.0,,0.634035,0.855219,0.678495,0.8664,1.162794,1.345325,4.796973,4.871719,8.392623,8.464034,-1.94807,-0.81791,-2.00779,-1.36703,-1.96809,-1.58678,-2.11127,-1.94989,-2.04693,-1.87156
mclmelnxdtg1tym371.i,0,2,6,6,0,12,77,0,1,2025-07-02 16:20:00,5,8,6,0,6,0,-6,1,0,12,2025-07-02 16:18:00,1.0,,0.700592,0.523884,2.164009,0.719992,4.086176,1.542978,10.05816,6.183827,14.88846,10.49484,0.702375,0.420807,2.160803,0.712751,4.034418,1.626167,10.01735,6.213569,14.83681,10.36623
mclmelnxdtg1tym371.i,0,10,6,0,6,0,0,0,3,2025-07-02 16:21:00,6,11,6,6,0,12,4,1,0,24,2025-07-02 16:19:00,1.0,,1.213981,1.346999,1.191853,1.407541,1.721159,2.042231,6.044172,6.225936,10.41119,10.58279,3.140694,3.636995,3.169049,3.436072,3.124251,3.336385,4.623338,5.585569,7.441753,8.834018
mclmk3kjluzqjrq0aa.wee,1,12,6,3,3,6,57,1,2,2025-07-02 16:19:00,1,5,6,3,3,6,30,0,1,18,2025-07-02 16:22:00,0.0,,0.318714,-0.09355,1.700383,0.224124,3.435831,1.025244,8.547067,4.786886,12.60387,8.496473,0.624046,0.821645,0.685434,0.803489,1.103482,1.383674,4.765488,4.944616,8.425244,8.633852
mclmk3kjluzqjrq0aa.wee,1,3,7,3,3,7,85,1,5,2025-07-02 16:19:00,2,4,6,0,6,0,0,0,1,12,2025-07-02 16:23:00,0.0,,3.158713,3.548084,3.076604,3.552549,3.162117,3.291609,4.595357,5.552299,7.473574,8.869489,3.143957,3.713414,3.103518,3.43469,3.16891,3.430197,4.579295,5.58656,7.512876,8.74635
mclmk3kjluzqjrq0aa.wee,1,9,6,0,6,0,0,1,3,2025-07-02 16:20:00,3,11,7,0,6,1,25,0,1,14,2025-07-02 16:24:00,0.0,,0.689921,0.414817,2.12139,0.715955,4.157853,1.660298,10.1369,6.129322,14.87785,10.34615,0.684301,0.44143,2.148734,0.653853,4.097508,1.612788,10.11483,6.180586,14.84947,10.41067
mclmk3kjluzqjrq0aa.wee,1,8,7,0,6,1,61,1,6,2025-07-02 16:20:00,4,2,7,6,0,13,96,0,1,26,2025-07-02 16:26:00,0.0,,4.132647,4.128935,4.058356,4.474701,4.061147,4.188266,5.792764,7.002232,9.297671,10.82724,0.301241,-0.04297,1.779219,0.29895,3.315347,1.023794,8.585682,4.801826,12.54795,8.550209
mclmk3kjluzqjrq0aa.wee,1,10,7,6,0,13,84,1,4,2025-07-02 16:21:00,5,1,6,6,0,12,80,0,1,24,2025-07-02 16:27:00,0.0,,0.597173,0.827532,0.648794,0.849069,1.139724,1.402947,4.807486,4.925988,8.508954,8.424404,3.988957,4.401992,4.117766,4.320529,3.975466,4.088222,5.878071,6.885917,9.282213,10.7814
mclmk3kjluzqjrq0aa.wee,1,7,6,6,0,12,74,1,1,2025-07-02 16:21:00,6,6,7,3,3,7,40,0,1,20,2025-07-02 16:28:00,0.0,,1.181583,1.390542,1.203918,1.380224,1.745501,2.030553,6.042553,6.312622,10.40198,10.58796,1.130681,1.360199,1.203374,1.369452,1.734441,1.994365,6.150396,6.390665,10.42246,10.42862
mcln966w5ayflxl00s,0,8,6,6,0,12,36,0,1,2025-07-02 16:43:00,1,5,7,6,0,13,43,1,0,26,2025-07-02 16:38:00,0.0,,3.947838,4.358557,4.087263,4.392656,4.00178,4.260813,5.799361,6.987413,9.259086,10.77314,4.097621,4.530059,4.044352,4.299679,4.110011,4.145766,5.755387,6.875081,9.255651,10.79011
mcln966w5ayflxl00s,0,4,7,3,3,7,33,0,5,2025-07-02 16:43:00,2,1,6,0,6,0,34,1,0,12,2025-07-02 16:39:00,0.0,,0.701958,0.361913,2.141411,0.68317,4.064471,1.641679,10.05837,6.039522,14.83563,10.47652,0.653947,0.843995,0.625134,0.836434,1.13806,1.373029,4.771416,4.947929,8.399529,8.486774
mcln966w5ayflxl00s,0,3,7,6,0,13,12,0,4,2025-07-02 16:43:00,3,10,6,6,0,12,35,1,0,24,2025-07-02 16:40:00,0.0,,0.633933,0.8371,0.65589,0.866549,1.150047,1.343338,4.815007,5.040105,8.464857,8.497066,3.014804,3.630668,3.103476,3.564298,3.057304,3.357401,4.625908,5.587512,7.43525,8.766246
mcln966w5ayflxl00s,0,9,7,0,6,1,9,0,6,2025-07-02 16:43:00,4,7,7,0,6,1,46,1,0,14,2025-07-02 16:40:00,0.0,,-1.90916,-1.00669,-1.91162,-1.406,-1.98211,-1.8071,-1.96344,-1.85854,-2.00868,-1.68701,-2.03869,-0.98827,-1.91448,-1.55292,-1.97828,-1.54877,-2.05788,-2.02782,-1.81049,-2.02625
mcln966w5ayflxl00s,0,11,6,3,3,6,31,0,2,2025-07-02 16:43:00,5,12,6,3,3,6,-31,1,0,18,2025-07-02 16:42:00,0.0,,3.122822,3.781104,3.09551,3.527439,3.061421,3.336626,4.60493,5.602648,7.449578,8.765673,0.702189,0.444212,2.169304,0.691875,4.109329,1.591758,10.14708,6.260699,14.8673,10.51898
mcln966w5ayflxl00s,0,2,6,0,6,0,30,0,3,2025-07-02 16:43:00,6,6,7,3,3,7,28,1,0,20,2025-07-02 16:42:00,0.0,,1.195001,1.421145,1.213691,1.40759,1.739488,1.972139,6.049434,6.308066,10.43101,10.44145,1.20223,1.404459,1.226766,1.413343,1.750094,2.034097,6.033902,6.370076,10.41455,10.52057
mcln99wklpura6l77k.eee,0,8,7,6,0,13,70,1,4,2025-07-02 16:43:00,1,12,7,6,0,13,40,0,0,26,2025-07-02 16:47:00,0.0,,3.131926,3.524422,3.257668,3.631082,3.079841,3.299217,4.601476,5.522757,7.477516,8.81366,0.62221,0.799708,0.651233,0.847079,1.135107,1.357513,4.801229,4.873101,8.401588,8.503101
mcln99wklpura6l77k.eee,0,10,6,0,6,0,0,1,3,2025-07-02 16:43:00,2,9,6,3,3,6,20,0,0,18,2025-07-02 16:48:00,0.0,,-1.9595,-1.00975,-1.98789,-1.51709,-2.05159,-1.718,-1.969,-2.09262,-1.90903,-1.98289,3.228429,3.71585,3.134306,3.556859,3.193924,3.335138,4.604017,5.543766,7.536993,8.645729
mcln99wklpura6l77k.eee,0,7,6,6,0,12,50,1,1,2025-07-02 16:44:00,3,5,7,3,3,7,30,0,0,20,2025-07-02 16:49:00,0.0,,0.685343,0.408154,2.076889,0.670605,4.164661,1.663343,10.01905,6.191428,14.70456,10.55364,0.704131,0.383363,2.134311,0.712953,3.977747,1.54293,9.939187,6.126387,14.79097,10.32875
mcln99wklpura6l77k.eee,0,1,6,3,3,6,40,1,2,2025-07-02 16:44:00,4,11,6,0,6,0,0,0,0,12,2025-07-02 16:50:00,0.0,,4.101327,4.259571,4.133231,4.333103,3.971097,4.089417,5.861378,6.858195,9.254336,10.73427,1.181964,1.443201,1.191571,1.414564,1.783793,2.062608,6.124401,6.217377,10.41729,10.52113
mcln99wklpura6l77k.eee,0,2,7,0,6,1,15,1,6,2025-07-02 16:45:00,5,6,7,0,6,1,5,0,0,14,2025-07-02 16:51:00,0.0,,1.224552,1.282235,1.187309,1.445182,1.769485,1.994045,6.118281,6.369275,10.39454,10.43851,-1.88266,-0.95225,-1.88198,-1.48716,-1.9583,-1.67537,-1.90307,-1.84006,-2.02772,-1.83046
mcln99wklpura6l77k.eee,0,3,7,3,3,7,70,1,5,2025-07-02 16:45:00,6,4,6,6,0,12,70,0,0,24,2025-07-02 16:52:00,0.0,,0.652425,0.812649,0.669124,0.845103,1.151181,1.35022,4.745386,5.039303,8.432706,8.498889,4.003374,4.550342,4.051843,4.461731,4.053832,4.094399,5.8599,6.857716,9.227511,10.76689
mclnall7dzdygzumoi.3ll,1,4,6,0,6,0,36,1,3,2025-07-02 16:39:00,1,8,6,0,6,0,0,0,1,12,2025-07-02 16:41:00,0.0,,0.700013,0.494007,2.140755,0.645608,4.117561,1.657165,10.14946,6.274175,14.72267,10.37657,-1.99625,-0.95291,-2.03086,-1.50867,-1.94446,-1.61038,-2.09633,-1.55852,-1.90442,-1.65284
mclnall7dzdygzumoi.3ll,1,5,7,0,6,1,64,1,6,2025-07-02 16:39:00,2,12,7,3,3,7,37,0,1,20,2025-07-02 16:42:00,0.0,,3.053555,3.462246,3.057094,3.616092,3.178877,3.229022,4.605212,5.472039,7.482058,8.808248,3.137827,3.636863,3.187498,3.68252,3.219343,3.444763,4.566486,5.530849,7.412064,8.796152
mclnall7dzdygzumoi.3ll,1,10,7,3,3,7,83,1,5,2025-07-02 16:40:00,3,9,7,6,0,13,59,0,1,26,2025-07-02 16:43:00,0.0,,-1.98885,-0.85348,-1.9818,-1.52311,-2.02339,-1.59315,-1.92862,-1.83132,-2.06999,-2.23444,0.667408,0.810583,0.667461,0.879807,1.134913,1.3738,4.775592,4.997659,8.428716,8.551568
mclnall7dzdygzumoi.3ll,1,3,6,6,0,12,100,1,1,2025-07-02 16:40:00,4,11,7,0,6,1,94,0,1,14,2025-07-02 16:44:00,0.0,,4.096847,4.49043,4.028077,4.352898,3.998707,4.256491,5.863578,6.980147,9.302611,10.8118,0.693768,0.4591,2.105531,0.711196,4.093179,1.670626,10.01325,6.278656,14.73513,10.37976
mclnall7dzdygzumoi.3ll,1,6,6,3,3,6,51,1,2,2025-07-02 16:40:00,5,2,6,6,0,12,28,0,1,24,2025-07-02 16:45:00,0.0,,0.633653,0.84722,0.685167,0.838344,1.107546,1.37815,4.74551,4.92497,8.383832,8.494112,4.069308,4.443762,4.049506,4.271157,3.98426,4.251778,5.887331,6.959222,9.293292,10.66871
mclnall7dzdygzumoi.3ll,1,1,7,6,0,13,100,1,4,2025-07-02 16:40:00,6,7,6,3,3,6,58,0,1,18,2025-07-02 16:46:00,0.0,,1.186206,1.348913,1.221551,1.430099,1.722767,1.941599,6.086679,6.337862,10.39343,10.36943,1.168888,1.368655,1.19254,1.393136,1.706843,1.979805,6.12069,6.285165,10.32081,10.56124
mclnavqq35eybp1xvz,1,5,6,3,3,6,80,1,2,2025-07-02 16:39:00,1,12,7,3,3,7,70,0,1,20,2025-07-02 16:44:00,0.0,,4.102218,4.511351,4.008905,4.396063,4.102971,4.2334,5.813445,6.939698,9.320193,10.78841,0.681296,0.530967,2.154661,0.724952,4.147594,1.582131,10.05316,6.247335,14.80086,10.37888
mclnavqq35eybp1xvz,1,2,7,3,3,7,90,1,5,2025-07-02 16:40:00,2,4,6,6,0,12,85,0,1,24,2025-07-02 16:45:00,0.0,,3.208782,3.771806,3.229858,3.592085,3.208595,3.354678,4.64238,5.46005,7.469724,8.816268,-1.97513,-0.93799,-1.96993,-1.34974,-1.87861,-1.75263,-1.97643,-1.57881,-2.09122,-1.80828
mclnavqq35eybp1xvz,1,9,7,0,6,1,15,1,6,2025-07-02 16:40:00,3,11,6,3,3,6,65,0,1,18,2025-07-02 16:46:00,0.0,,-1.92044,-0.88099,-2.18592,-1.39043,-1.89597,-1.68627,-2.13349,-1.87112,-1.86861,-1.9047,1.213773,1.373623,1.241605,1.392926,1.781429,2.00518,6.068825,6.311576,10.41225,10.44614
mclnavqq35eybp1xvz,1,1,6,6,0,12,50,1,1,2025-07-02 16:41:00,4,10,7,6,0,13,90,0,1,26,2025-07-02 16:48:00,0.0,,0.635868,0.784653,0.66626,0.870765,1.160808,1.359771,4.695318,5.013408,8.398431,8.401852,4.130357,4.387904,4.031601,4.443543,3.988689,4.10789,5.848644,6.993318,9.313938,10.84281
mclnavqq35eybp1xvz,1,8,7,6,0,13,80,1,4,2025-07-02 16:41:00,5,7,6,0,6,0,0,0,1,12,2025-07-02 16:48:00,0.0,,1.163038,1.366304,1.191703,1.359856,1.688824,1.99054,6.164569,6.353973,10.41429,10.52932,0.669149,0.790642,0.618957,0.894991,1.19183,1.338264,4.806814,4.904061,8.466355,8.588368
mclnavqq35eybp1xvz,1,3,6,0,6,0,0,1,3,2025-07-02 16:41:00,6,6,7,0,6,1,10,0,1,14,2025-07-02 16:49:00,0.0,,0.687568,0.299495,2.159032,0.698183,4.050854,1.57848,10.06225,6.152879,14.85368,10.37335,3.044196,3.689707,3.090393,3.517933,3.107964,3.384651,4.628091,5.548312,7.446366,8.746123
mclnb9es89bcb1enfz,1,12,6,0,6,0,0,0,3,2025-07-02 16:45:00,1,8,6,6,0,12,60,1,1,24,2025-07-02 16:40:00,0.0,,1.209664,1.359298,1.205947,1.418992,1.750663,2.010595,6.121707,6.329312,10.37074,10.53298,0.654943,0.810451,0.650461,0.818403,1.104391,1.348941,4.833808,5.032765,8.433327,8.452176
mclnb9es89bcb1enfz,1,7,7,6,0,13,52,0,4,2025-07-02 16:45:00,2,2,6,3,3,6,80,1,1,18,2025-07-02 16:41:00,0.0,,0.307282,0.056412,1.771161,0.219496,3.421734,1.018528,8.518045,4.893036,12.60432,8.461976,3.163025,3.584565,3.238884,3.462209,3.176434,3.4684,4.562886,5.621555,7.534745,8.759192
mclnb9es89bcb1enfz,1,3,7,3,3,7,45,0,5,2025-07-02 16:46:00,3,9,7,0,6,1,0,1,1,14,2025-07-02 16:42:00,0.0,,3.22845,3.605307,3.235038,3.540671,3.138068,3.308052,4.548449,5.456295,7.51074,8.720106,1.212145,1.454604,1.234255,1.38079,1.78546,2.022741,6.086762,6.379981,10.39324,10.51793
mclnb9es89bcb1enfz,1,4,6,6,0,12,50,0,1,2025-07-02 16:46:00,4,11,7,6,0,13,35,1,1,26,2025-07-02 16:43:00,0.0,,0.699992,0.423644,2.145274,0.655731,4.019369,1.645178,10.08058,6.167026,14.81201,10.41554,0.681686,0.415752,2.178687,0.732031,4.005453,1.636787,10.13329,6.125346,14.83333,10.61248
mclnb9es89bcb1enfz,1,5,7,0,6,1,100,0,6,2025-07-02 16:46:00,5,10,6,0,6,0,0,1,1,12,2025-07-02 16:44:00,0.0,,4.079508,4.237543,4.136854,4.422349,4.033689,4.217623,5.774754,6.994093,9.232618,10.7766,0.30734,0.155122,1.746297,0.281387,3.394473,1.063251,8.554705,4.883149,12.58559,8.354781
mclnb9es89bcb1enfz,1,6,6,3,3,6,68,0,2,2025-07-02 16:46:00,6,1,7,3,3,7,35,1,1,20,2025-07-02 16:45:00,0.0,,0.647517,0.820909,0.657205,0.821337,1.120571,1.357267,4.768202,5.083797,8.452922,8.508425,4.147774,4.488691,4.026522,4.382002,4.053779,4.152863,5.921607,6.863238,9.345666,10.78676
mclnbah2fjesbxq42c.777,0,1,7,0,6,1,92,1,6,2025-07-02 16:42:00,1,2,7,0,6,1,45,0,0,14,2025-07-02 16:49:00,0.0,,0.691763,0.476891,2.130355,0.661955,4.151284,1.614865,10.15701,6.058416,14.91278,10.54,3.898012,4.59086,4.027273,4.317535,3.97812,4.188723,5.82654,6.915258,9.344478,10.69457
mclnbah2fjesbxq42c.777,0,9,7,6,0,13,26,1,4,2025-07-02 16:43:00,2,12,6,6,0,12,70,0,0,24,2025-07-02 16:51:00,0.0,,0.648451,0.815338,0.671643,0.865892,1.165009,1.351498,4.768956,4.949296,8.406961,8.366362,-2.18302,-1.50423,-1.96219,-1.6582,-1.98986,-1.74223,-2.03121,-1.92948,-2.03404,-1.89341
mclnbah2fjesbxq42c.777,0,5,6,3,3,6,50,1,2,2025-07-02 16:44:00,3,4,6,3,3,6,30,0,0,18,2025-07-02 16:53:00,0.0,,1.196754,1.409093,1.173365,1.370051,1.688568,1.99164,6.003276,6.328669,10.4059,10.54356,3.081369,3.75777,3.148539,3.634222,3.2018,3.292781,4.605094,5.565525,7.472808,8.711696
mclnbah2fjesbxq42c.777,0,10,6,6,0,12,25,1,1,2025-07-02 16:45:00,4,11,6,0,6,0,50,0,0,12,2025-07-02 16:53:00,0.0,,4.085261,4.4306,4.030447,4.283019,4.035804,4.271503,5.77138,6.850126,9.27209,10.74587,0.651097,0.774133,0.655763,0.838561,1.114843,1.37525,4.758785,4.910581,8.457117,8.631049
mclnbah2fjesbxq42c.777,0,3,7,3,3,7,50,1,5,2025-07-02 16:46:00,5,7,7,3,3,7,35,0,0,20,2025-07-02 16:55:00,0.0,,3.05729,3.436235,3.257745,3.461628,3.063361,3.308869,4.538105,5.543151,7.455557,8.705829,1.1788,1.315083,1.214275,1.403762,1.780846,1.958683,6.037015,6.470519,10.37155,10.44395
mclnbah2fjesbxq42c.777,0,8,6,0,6,0,100,1,3,2025-07-02 16:47:00,6,6,7,6,0,13,26,0,0,26,2025-07-02 16:56:00,0.0,,-1.97897,-1.05356,-1.98186,-1.37946,-2.02148,-1.7069,-2.17216,-1.85876,-2.04735,-2.23158,-1.98606,-1.05612,-2.00052,-1.37838,-1.971,-1.75339,-1.99334,-1.88529,-1.92877,-2.13719
mclnbjdzlo0264kv8y.3ll,1,12,7,6,0,13,46,0,4,2025-07-02 16:45:00,1,1,7,6,0,13,98,1,1,26,2025-07-02 16:41:00,1.0,,4.017834,4.456849,4.038365,4.334614,4.045874,4.136087,5.819898,6.87133,9.308227,10.71008,3.941868,4.425382,4.008892,4.381732,4.070626,4.208737,5.819819,6.94594,9.327722,10.8624
mclnbjdzlo0264kv8y.3ll,1,9,7,0,6,1,9,0,6,2025-07-02 16:46:00,2,7,7,3,3,7,72,1,1,20,2025-07-02 16:41:00,1.0,,0.653575,0.808248,0.674773,0.895886,1.133708,1.386637,4.774757,4.915871,8.43312,8.430629,-1.87199,-0.95426,-1.94539,-1.47302,-2.07917,-1.64971,-1.97125,-1.76865,-1.91966,-1.91065
mclnbjdzlo0264kv8y.3ll,1,4,6,6,0,12,48,0,1,2025-07-02 16:46:00,3,10,6,6,0,12,70,1,1,24,2025-07-02 16:42:00,1.0,,0.682435,0.389645,2.104607,0.720117,4.179199,1.624194,10.06608,6.25231,14.87826,10.41202,0.6419,0.815748,0.681955,0.846747,1.133994,1.38812,4.766231,4.946005,8.442598,8.480015
mclnbjdzlo0264kv8y.3ll,1,8,6,0,6,0,0,0,3,2025-07-02 16:46:00,4,11,6,0,6,0,0,1,1,12,2025-07-02 16:43:00,1.0,,3.058605,3.537919,3.17131,3.49578,3.140087,3.37298,4.64597,5.549509,7.438571,8.748799,3.112566,3.504453,3.177061,3.440271,3.126632,3.389386,4.602752,5.479068,7.49593,8.720911
mclnbjdzlo0264kv8y.3ll,1,5,6,3,3,6,31,0,2,2025-07-02 16:46:00,5,2,6,3,3,6,59,1,1,18,2025-07-02 16:44:00,1.0,,1.165071,1.369343,1.226092,1.418626,1.763504,2.022784,6.076611,6.283783,10.40108,10.55175,1.236466,1.408698,1.175785,1.395675,1.690402,1.982719,6.115984,6.29432,10.42076,10.56485
mclnbjdzlo0264kv8y.3ll,1,3,7,3,3,7,37,0,5,2025-07-02 16:46:00,6,6,7,0,6,1,12,1,1,14,2025-07-02 16:45:00,1.0,,-1.90125,-0.98507,-1.89172,-1.38886,-1.93735,-1.72821,-1.94319,-2.10383,-1.8879,-1.72768,0.69906,0.46167,2.143018,0.712422,4.088002,1.556427,10.11417,6.116587,14.86789,10.32868
mclnbjss06tjhry4a3.i,0,10,7,6,0,13,54,0,4,2025-07-02 17:19:00,1,9,6,3,3,6,67,1,0,18,2025-07-02 16:48:00,0.0,,3.156289,3.466806,3.213467,3.484589,3.148476,3.358543,4.565827,5.586883,7.482236,8.782889,1.160262,1.307379,1.165536,1.393334,1.767811,1.998023,6.086119,6.266895,10.42183,10.47912
mclnbjss06tjhry4a3.i,0,12,6,0,6,0,0,0,3,2025-07-02 17:19:00,2,8,6,0,6,0,50,1,0,12,2025-07-02 16:53:00,0.0,,3.910447,4.167854,4.081438,4.371269,3.93332,4.187709,5.793816,6.826547,9.349168,10.8254,0.679458,0.814429,0.640269,0.886236,1.142923,1.337978,4.78563,4.955517,8.413372,8.480819
mclnbjss06tjhry4a3.i,0,1,7,3,3,7,55,0,5,2025-07-02 17:20:00,3,11,7,6,0,13,51,1,0,26,2025-07-02 17:01:00,0.0,,-2.10059,-1.02845,-1.91573,-1.45941,-1.87901,-1.61858,-1.89737,-1.66101,-1.77339,-2.03635,0.681806,0.377384,2.15514,0.647907,4.106142,1.652302,10.01892,6.350926,14.82578,10.25611
mclnbjss06tjhry4a3.i,0,3,7,0,6,1,100,0,6,2025-07-02 17:21:00,4,6,6,6,0,12,50,1,0,24,2025-07-02 17:07:00,0.0,,0.647301,0.848988,0.613732,0.842212,1.111984,1.380188,4.76212,4.905383,8.482946,8.489745,0.29176,0.025513,1.724144,0.309292,3.389427,0.96846,8.507759,4.867942,12.59384,8.457166
mclnbjss06tjhry4a3.i,0,4,6,3,3,6,50,0,2,2025-07-02 17:22:00,5,2,7,0,6,1,51,1,0,14,2025-07-02 17:12:00,0.0,,1.165797,1.335832,1.2216,1.398625,1.782354,2.045083,6.060114,6.356045,10.48861,10.54278,4.02126,4.421041,4.052339,4.254844,4.099877,4.153241,5.84065,6.832222,9.362252,10.80375
mclnbjss06tjhry4a3.i,0,7,6,6,0,12,50,0,1,2025-07-02 17:23:00,6,5,7,3,3,7,67,1,0,20,2025-07-02 17:17:00,0.0,,0.723649,0.545416,2.155444,0.701251,4.047273,1.569138,10.14006,6.146242,14.84808,10.34544,3.10231,3.549786,3.19381,3.511004,3.216439,3.299261,4.644983,5.596898,7.545563,8.881177
mclnbv4and882gh98q,1,1,7,3,3,7,100,1,5,2025-07-02 16:41:00,1,12,7,3,3,7,50,0,1,20,2025-07-02 16:51:00,1.0,,-1.75619,-0.95258,-2.02853,-1.38371,-2.00459,-1.65367,-1.95437,-1.91606,-1.94212,-1.89399,0.62176,0.830062,0.651509,0.852105,1.150542,1.366312,4.769215,4.957245,8.429904,8.448268
mclnbv4and882gh98q,1,10,6,0,6,0,0,1,3,2025-07-02 16:42:00,2,9,6,3,3,6,75,0,1,18,2025-07-02 16:55:00,1.0,,-1.70929,-1.91752,-1.83529,-1.93764,-1.76844,-1.87289,-1.91931,-2.05912,-1.94332,-2.45544,1.214685,1.39813,1.210126,1.420948,1.732136,2.053412,6.146375,6.389653,10.35994,10.51364
mclnbv4and882gh98q,1,5,6,3,3,6,100,1,2,2025-07-02 16:42:00,3,8,6,0,6,0,0,0,1,12,2025-07-02 16:57:00,1.0,,3.162831,3.648892,3.247867,3.533918,3.137796,3.261092,4.519706,5.506455,7.487312,8.828181,4.042108,4.466344,4.07627,4.430584,4.093025,4.226203,5.906482,6.880178,9.296229,10.74432
mclnbv4and882gh98q,1,2,7,6,0,13,100,1,4,2025-07-02 16:43:00,4,6,7,0,6,1,15,0,1,14,2025-07-02 16:59:00,1.0,,0.689268,0.848643,0.666803,0.86012,1.138648,1.357262,4.770714,4.900983,8.419525,8.369744,-2.05819,-0.93538,-1.9648,-1.46764,-1.96104,-1.65744,-1.88339,-1.86771,-2.04487,-1.95576
mclnbv4and882gh98q,1,3,6,6,0,12,50,1,1,2025-07-02 16:44:00,5,11,6,6,0,12,50,0,1,24,2025-07-02 17:03:00,1.0,,1.201122,1.400308,1.218848,1.393872,1.684126,2.001317,6.103794,6.309612,10.3962,10.41306,3.233374,3.497584,3.171366,3.469268,3.087701,3.346576,4.615099,5.534384,7.446076,8.692582
mclnbv4and882gh98q,1,7,7,0,6,1,15,1,6,2025-07-02 16:46:00,6,4,7,6,0,13,60,0,1,26,2025-07-02 17:06:00,1.0,,0.680167,0.459965,2.134422,0.613731,4.131515,1.650439,10.0067,6.235173,14.87449,10.43245,0.676969,0.389287,2.152396,0.714965,4.09165,1.572739,10.11743,6.129767,14.86281,10.44814
mclnbvvarwm0salkzx.sss,1,8,7,0,6,1,100,0,6,2025-07-02 16:58:00,1,5,7,0,6,1,100,1,1,14,2025-07-02 16:44:00,0.0,,-1.96056,-0.95353,-1.91892,-1.56037,-1.98272,-1.71904,-1.92678,-1.8366,-1.92522,-1.80662,-1.58464,-1.73323,-1.61441,-1.68308,-1.5969,-1.72355,-1.77616,-1.96793,-1.90167,-1.91558
mclnbvvarwm0salkzx.sss,1,4,7,6,0,13,60,0,4,2025-07-02 17:00:00,2,2,7,3,3,7,85,1,1,20,2025-07-02 16:47:00,0.0,,0.605531,0.821219,0.68783,0.860106,1.152717,1.403863,4.793102,4.990034,8.505058,8.532869,4.00628,4.553164,4.098961,4.270947,3.988683,4.209154,5.821935,6.879742,9.30944,10.61027
mclnbvvarwm0salkzx.sss,1,3,6,6,0,12,50,0,1,2025-07-02 17:00:00,3,12,6,3,3,6,41,1,1,18,2025-07-02 16:49:00,0.0,,3.183172,3.513656,3.116702,3.45241,3.106607,3.29466,4.59559,5.596168,7.47583,8.786036,0.648892,0.817767,0.658752,0.820239,1.107216,1.362799,4.762111,4.928667,8.407695,8.516379
mclnbvvarwm0salkzx.sss,1,1,6,3,3,6,50,0,2,2025-07-02 17:01:00,4,9,7,6,0,13,55,1,1,26,2025-07-02 16:53:00,0.0,,4.057496,4.471501,4.017306,4.383686,4.007869,4.218333,5.928097,6.882376,9.294038,10.75642,-1.94293,-0.91143,-2.00951,-1.55074,-2.04745,-1.56468,-1.86764,-1.62486,-1.98459,-1.8443
mclnbvvarwm0salkzx.sss,1,6,7,3,3,7,70,0,5,2025-07-02 17:04:00,5,7,6,6,0,12,20,1,1,24,2025-07-02 16:55:00,0.0,,1.197091,1.367238,1.211095,1.427619,1.704031,2.008047,6.056375,6.349923,10.46283,10.58576,-1.68776,-1.69767,-1.72343,-1.71322,-1.84852,-1.78703,-2.012,-2.01776,-2.14404,-2.15498
mclnbvvarwm0salkzx.sss,1,11,6,0,6,0,0,0,3,2025-07-02 17:04:00,6,10,6,0,6,0,0,1,1,12,2025-07-02 16:57:00,0.0,,0.68009,0.403269,2.115151,0.730191,4.126079,1.642731,9.997338,6.196539,14.82429,10.48835,0.686358,0.418186,2.095393,0.711069,4.033231,1.628736,10.14686,6.173556,14.85941,10.42078
mclncpm2cci0cd3vp8y.ee,0,4,6,0,6,0,0,1,3,2025-07-02 16:43:00,1,11,6,0,6,0,0,0,0,12,2025-07-02 16:47:00,1.0,,1.215013,1.360466,1.189817,1.408476,1.758869,2.00887,6.053364,6.325552,10.42674,10.4322,0.726566,0.384892,2.109118,0.699056,4.105412,1.700617,10.11553,6.180927,14.79818,10.35114
mclncpm2cci0cd3vp8y.ee,0,7,7,6,0,13,70,1,4,2025-07-02 16:43:00,2,9,6,6,0,12,40,0,0,24,2025-07-02 16:49:00,1.0,,3.231211,3.659831,3.082802,3.426172,3.262457,3.460552,4.541152,5.470631,7.484071,8.788828,0.307592,-0.01885,1.759601,0.192918,3.422319,1.05222,8.530979,4.944955,12.66773,8.471535
mclncpm2cci0cd3vp8y.ee,0,1,6,6,0,12,50,1,1,2025-07-02 16:44:00,3,3,7,3,3,7,25,0,0,20,2025-07-02 17:25:00,1.0,,3.961825,4.552498,4.038145,4.327374,4.028092,4.242362,5.848086,7.025231,9.298041,10.6695,4.016804,4.170516,4.00622,4.415431,3.965917,4.079936,5.776851,6.863937,9.355244,10.78273
mclncpm2cci0cd3vp8y.ee,0,10,7,3,3,7,30,1,5,2025-07-02 16:45:00,4,5,6,3,3,6,30,0,0,18,2025-07-02 17:27:00,1.0,,0.634149,0.83,0.662536,0.847587,1.154267,1.387846,4.775656,4.937881,8.350245,8.517082,3.137375,3.822207,3.25788,3.504418,3.155673,3.374568,4.604048,5.513224,7.43698,8.745978
mclncpm2cci0cd3vp8y.ee,0,2,6,3,3,6,65,1,2,2025-07-02 16:45:00,5,12,7,0,6,1,10,0,0,14,2025-07-02 17:29:00,1.0,,0.331513,0.042864,1.759475,0.291387,3.40406,1.108784,8.566006,4.858311,12.60179,8.417176,1.132892,1.469601,1.213455,1.411261,1.764961,2.112483,6.06465,6.347366,10.40609,10.42289
mclncpm2cci0cd3vp8y.ee,0,8,7,0,6,1,10,1,6,2025-07-02 16:46:00,6,6,7,6,0,13,35,0,0,26,2025-07-02 17:30:00,1.0,,0.682618,0.451692,2.098541,0.65257,4.092391,1.654502,10.1319,6.164398,14.80375,10.47113,0.681924,0.828134,0.674673,0.843331,1.160995,1.383015,4.753424,4.996414,8.43331,8.439624
mclng77lh9kyndz0lp,0,10,7,3,3,7,61,0,5,2025-07-02 16:48:00,1,1,6,6,0,12,73,1,0,24,2025-07-02 16:44:00,1.0,,1.163078,1.360266,1.194741,1.360891,1.740598,2.016167,6.052515,6.332452,10.42612,10.43601,1.186567,1.40123,1.201694,1.421077,1.702874,1.996851,6.047057,6.352454,10.37879,10.30159
mclng77lh9kyndz0lp,0,5,6,3,3,6,41,0,2,2025-07-02 16:49:00,2,4,7,0,6,1,1,1,0,14,2025-07-02 16:45:00,1.0,,3.153642,3.503506,3.138933,3.50354,3.207734,3.331574,4.664179,5.521276,7.470655,8.84193,0.665467,0.871821,0.666858,0.854458,1.11733,1.36412,4.72499,4.909862,8.421931,8.423176
mclng77lh9kyndz0lp,0,6,7,0,6,1,0,0,6,2025-07-02 16:49:00,3,11,7,3,3,7,1,1,0,20,2025-07-02 16:46:00,1.0,,0.645982,0.849286,0.673633,0.864924,1.154971,1.35337,4.787708,4.961295,8.382953,8.415925,-1.9633,-1.00633,-2.01821,-1.4595,-1.99957,-1.70052,-1.96408,-1.7211,-1.97341,-1.8506
mclng77lh9kyndz0lp,0,2,6,6,0,12,64,0,1,2025-07-02 16:49:00,4,7,6,0,6,0,0,1,0,12,2025-07-02 16:46:00,1.0,,-2.00475,-0.97034,-1.99463,-1.37358,-1.92595,-1.75957,-2.00075,-1.78457,-1.8563,-1.67508,0.715001,0.418918,2.153475,0.768161,4.106152,1.60929,10.12621,6.263621,14.72095,10.4624
mclng77lh9kyndz0lp,0,8,6,0,6,0,0,0,3,2025-07-02 16:49:00,5,12,6,3,3,6,30,1,0,18,2025-07-02 16:47:00,1.0,,0.685663,0.392328,2.172838,0.644848,4.143154,1.595827,10.21086,6.211629,14.88478,10.39318,3.956388,4.559596,4.076916,4.339883,4.075522,4.180664,5.879908,6.80076,9.252573,10.87558
mclng77lh9kyndz0lp,0,9,7,6,0,13,76,0,4,2025-07-02 16:49:00,6,3,7,6,0,13,33,1,0,26,2025-07-02 16:48:00,1.0,,0.690859,0.487782,2.1879,0.726663,4.04764,1.650035,10.08884,6.199272,14.90284,10.29544,3.172096,3.579072,3.142838,3.537985,3.233628,3.244556,4.63049,5.59974,7.42537,8.861294
mclninywxofe0g24vl,1,4,7,0,6,1,51,0,6,2025-07-02 08:55:00,1,11,6,0,6,0,29,1,1,12,2025-07-02 08:46:00,0.0,,0.674019,0.859363,0.652705,0.850644,1.097173,1.325355,4.808754,4.845688,8.409792,8.668932,3.207888,3.72436,3.135544,3.520619,3.189583,3.310218,4.643351,5.544599,7.482402,8.766249
mclninywxofe0g24vl,1,2,7,6,0,13,75,0,4,2025-07-02 08:55:00,2,3,7,0,6,1,-42,1,1,14,2025-07-02 08:51:00,0.0,,3.912519,4.532892,4.027879,4.381918,4.09864,4.161791,5.952638,6.85708,9.388254,10.79015,4.076369,4.618326,3.977864,4.344147,3.994906,4.14852,5.87139,6.923186,9.27922,10.851
mclninywxofe0g24vl,1,7,7,3,3,7,56,0,5,2025-07-02 08:55:00,3,5,7,6,0,13,58,1,1,26,2025-07-02 08:52:00,0.0,,3.139819,3.827256,3.096055,3.525617,3.177295,3.41151,4.605372,5.525235,7.475496,8.790611,-1.92996,-1.097,-1.75723,-1.4032,-1.86097,-1.74753,-2.00094,-1.7493,-2.01168,-1.96205
mclninywxofe0g24vl,1,12,6,6,0,12,46,0,1,2025-07-02 08:56:00,4,9,6,6,0,12,74,1,1,24,2025-07-02 08:53:00,0.0,,-1.87654,-0.97686,-2.09097,-1.34475,-1.92967,-1.94221,-1.87477,-1.85804,-1.88891,-1.92943,1.17824,1.416438,1.214149,1.404144,1.69558,1.993325,6.093551,6.303709,10.40941,10.41514
mclninywxofe0g24vl,1,8,6,0,6,0,8,0,3,2025-07-02 08:56:00,5,6,7,3,3,7,55,1,1,20,2025-07-02 08:54:00,0.0,,1.18357,1.38089,1.234761,1.382029,1.731413,1.985759,6.081546,6.2869,10.37295,10.55943,0.680718,0.812314,0.636005,0.875906,1.143461,1.385224,4.759226,5.035204,8.39692,8.499168
mclninywxofe0g24vl,1,10,6,3,3,6,41,0,2,2025-07-02 08:56:00,6,1,6,3,3,6,30,1,1,18,2025-07-02 08:54:00,0.0,,0.672939,0.468211,2.109351,0.659019,4.131509,1.681208,9.975421,6.229214,14.86298,10.31687,0.679302,0.436545,2.116763,0.732721,4.047386,1.625822,9.964009,6.197005,14.80961,10.36173
mclniw8tmb8nms1x5t.sss,1,7,7,3,3,7,58,1,5,2025-07-02 16:52:00,1,12,7,3,3,7,15,0,1,20,2025-07-02 16:56:00,0.0,,3.157866,3.678632,3.087392,3.507916,3.221138,3.42003,4.551407,5.368676,7.511227,8.751721,0.63352,0.793942,0.629249,0.848628,1.126729,1.338507,4.794203,5.028682,8.495348,8.536105
mclniw8tmb8nms1x5t.sss,1,9,6,6,0,12,68,1,1,2025-07-02 16:52:00,2,8,6,3,3,6,13,0,1,18,2025-07-02 16:58:00,0.0,,0.674201,0.425331,2.097891,0.721565,4.076575,1.581518,10.13137,6.149652,14.86306,10.42955,-2.05571,-1.35057,-2.21726,-1.53991,-2.0125,-1.80062,-1.99589,-2.09436,-2.13175,-1.84172
mclniw8tmb8nms1x5t.sss,1,5,6,3,3,6,52,1,2,2025-07-02 16:53:00,3,2,6,0,6,0,0,0,1,12,2025-07-02 16:59:00,0.0,,4.000715,4.56185,3.972579,4.346905,4.013566,4.193941,5.901416,6.849981,9.231717,10.74934,1.159145,1.379963,1.238162,1.393707,1.752984,2.038785,6.081906,6.340592,10.44716,10.55658
mclniw8tmb8nms1x5t.sss,1,11,6,0,6,0,0,1,3,2025-07-02 16:53:00,4,10,7,0,6,1,5,0,1,14,2025-07-02 17:00:00,0.0,,0.6636,0.832877,0.6585,0.83717,1.126573,1.337301,4.748271,4.922814,8.511501,8.601315,3.119512,3.705827,3.018178,3.569074,3.095353,3.309977,4.644219,5.552865,7.496746,8.696668
mclniw8tmb8nms1x5t.sss,1,4,7,0,6,1,15,1,6,2025-07-02 16:54:00,5,6,7,6,0,13,41,0,1,26,2025-07-02 17:03:00,0.0,,-1.87397,-0.99899,-1.95993,-1.3524,-1.95508,-1.75126,-1.98776,-1.71033,-1.96263,-1.84241,4.14921,4.492288,4.066311,4.399038,4.055939,4.225769,5.781154,6.848166,9.345161,10.68503
mclniw8tmb8nms1x5t.sss,1,3,7,0,6,1,15,1,6,2025-07-02 16:54:00,6,1,6,6,0,12,43,0,1,24,2025-07-02 17:05:00,0.0,,1.192078,1.380279,1.198595,1.40975,1.763741,2.027592,6.03573,6.323427,10.38328,10.4536,-1.95097,-0.95075,-2.00341,-1.45255,-1.90653,-1.71799,-1.91508,-1.74027,-1.88392,-1.85261
mclnka0s3q8i3hzb7q.777,0,5,7,3,3,7,82,1,5,2025-07-02 16:48:00,1,11,6,3,3,6,37,0,0,18,2025-07-02 16:52:00,0.0,,-1.90219,-1.10256,-1.86185,-1.28683,-2.01718,-1.70138,-1.97645,-1.91851,-1.81634,-1.83876,4.06289,4.471562,3.966795,4.3527,4.14485,4.191285,5.941975,6.857808,9.242107,10.73931
mclnka0s3q8i3hzb7q.777,0,2,7,6,0,13,73,1,4,2025-07-02 16:48:00,2,7,6,6,0,12,7,0,0,24,2025-07-02 16:53:00,0.0,,3.27927,3.619798,3.125822,3.458207,3.21794,3.35536,4.558724,5.517314,7.471405,8.675315,3.089577,3.448303,3.240567,3.522284,3.21075,3.337752,4.632941,5.487776,7.510088,8.750013
mclnka0s3q8i3hzb7q.777,0,8,6,3,3,6,41,1,2,2025-07-02 16:49:00,3,4,6,0,6,0,0,0,0,12,2025-07-02 16:54:00,0.0,,4.038175,4.351399,4.125413,4.369288,4.044904,4.265808,5.821563,6.880594,9.275186,10.64312,0.597481,0.82778,0.679254,0.841152,1.135009,1.328703,4.799675,4.905227,8.412318,8.517399
mclnka0s3q8i3hzb7q.777,0,10,7,0,6,1,90,1,6,2025-07-02 16:49:00,4,9,7,6,0,13,-11,0,0,26,2025-07-02 16:55:00,0.0,,0.722001,0.434921,2.131507,0.714185,4.126118,1.618023,10.14265,6.288769,14.84114,10.47734,0.693058,0.423435,2.173374,0.574721,3.987037,1.646866,10.08471,6.222447,14.7787,10.42695
mclnka0s3q8i3hzb7q.777,0,1,6,0,6,0,21,1,3,2025-07-02 16:50:00,5,3,7,3,3,7,10,0,0,20,2025-07-02 16:57:00,0.0,,1.205723,1.429961,1.211933,1.394519,1.730208,1.972814,6.076862,6.321373,10.41908,10.34931,-1.97869,-0.86668,-1.96954,-1.59739,-2.00781,-1.46488,-1.95803,-2.00354,-1.86186,-1.77821
mclnka0s3q8i3hzb7q.777,0,12,6,6,0,12,32,1,1,2025-07-02 16:50:00,6,6,7,0,6,1,1,0,0,14,2025-07-02 16:58:00,0.0,,0.667543,0.835487,0.637409,0.824724,1.160285,1.416061,4.793205,4.97587,8.414672,8.457552,1.176753,1.430069,1.239733,1.443198,1.71128,2.05326,6.028637,6.304047,10.39385,10.43338
mclnsvr9a41h0ts5qa.777,0,12,6,3,3,6,83,1,2,2025-07-02 16:54:00,1,3,6,3,3,6,32,0,0,18,2025-07-02 16:58:00,0.0,,0.720906,0.347549,2.156314,0.67427,4.179809,1.63344,9.987631,6.079978,14.77333,10.41742,0.699562,0.511742,2.182598,0.728307,4.142451,1.624754,10.12425,6.290247,14.90784,10.45968
mclnsvr9a41h0ts5qa.777,0,7,7,3,3,7,86,1,5,2025-07-02 16:55:00,2,5,7,3,3,7,42,0,0,20,2025-07-02 16:59:00,0.0,,0.68466,0.821339,0.715425,0.840385,1.157911,1.36041,4.738345,5.00342,8.443346,8.502239,3.153812,3.58621,3.168459,3.569873,3.117084,3.374361,4.59742,5.541896,7.510743,8.721681
mclnsvr9a41h0ts5qa.777,0,2,7,0,6,1,9,1,6,2025-07-02 16:56:00,3,9,6,0,6,0,8,0,0,12,2025-07-02 17:00:00,0.0,,1.181681,1.410766,1.208622,1.453002,1.682771,2.052829,6.077556,6.379554,10.428,10.57169,4.067251,4.400805,4.053117,4.369761,4.080039,4.301081,5.842231,6.935013,9.343847,10.57289
mclnsvr9a41h0ts5qa.777,0,10,6,0,6,0,0,1,3,2025-07-02 16:56:00,4,6,6,6,0,12,44,0,0,24,2025-07-02 17:01:00,0.0,,3.134445,3.564854,3.11978,3.465173,3.221618,3.37143,4.616586,5.532122,7.45759,8.794994,0.612841,0.863107,0.663441,0.906978,1.132188,1.38022,4.732486,4.915921,8.497828,8.484129
mclnsvr9a41h0ts5qa.777,0,4,7,6,0,13,100,1,4,2025-07-02 16:56:00,5,11,7,0,6,1,28,0,0,14,2025-07-02 17:02:00,0.0,,4.182757,4.363515,4.032932,4.343202,4.053975,4.074483,5.815254,6.82981,9.256,10.75366,-1.67412,-1.62159,-1.68394,-1.71544,-1.82798,-1.71452,-1.79868,-2.19392,-1.92303,-1.99853
mclnsvr9a41h0ts5qa.777,0,8,6,6,0,12,100,1,1,2025-07-02 16:57:00,6,1,7,6,0,13,90,0,0,26,2025-07-02 17:03:00,0.0,,-1.87237,-0.99432,-2.00097,-1.40255,-1.93836,-1.49704,-2.14928,-1.93046,-1.95125,-2.06254,-1.83975,-1.02536,-1.9027,-1.454,-2.11408,-1.88398,-2.00559,-1.89176,-1.96771,-2.02463
mclnv4bywkmk14jljd,1,4,7,3,3,7,46,1,5,2025-07-02 16:54:00,1,9,7,0,6,1,35,0,1,14,2025-07-02 16:56:00,1.0,,0.672118,0.851991,0.663705,0.903099,1.095593,1.348717,4.830991,4.935933,8.456045,8.443392,0.702641,0.410615,2.162501,0.760909,4.045653,1.653909,10.08298,6.17868,14.86633,10.45521
mclnv4bywkmk14jljd,1,8,7,6,0,13,43,1,4,2025-07-02 16:55:00,2,11,6,0,6,0,0,0,1,12,2025-07-02 16:56:00,1.0,,4.057735,4.486444,3.975766,4.315321,3.993405,4.207538,5.796086,6.783418,9.294846,10.89699,3.121626,3.509336,3.232276,3.506952,3.138255,3.389618,4.596367,5.533571,7.506059,8.761295
mclnv4bywkmk14jljd,1,6,7,0,6,1,11,1,6,2025-07-02 16:55:00,3,1,6,3,3,6,30,0,1,18,2025-07-02 16:57:00,1.0,,1.221628,1.347599,1.195465,1.357521,1.775771,2.04879,6.054701,6.367626,10.40616,10.37211,0.645122,0.81631,0.696647,0.854903,1.130516,1.369881,4.774653,4.936112,8.44123,8.447625
mclnv4bywkmk14jljd,1,5,6,0,6,0,1,1,3,2025-07-02 16:55:00,4,12,6,6,0,12,48,0,1,24,2025-07-02 16:58:00,1.0,,0.718155,0.447711,2.13284,0.712408,4.077048,1.63614,10.12112,6.269538,14.68268,10.37333,4.012562,4.483939,4.03435,4.451297,4.109331,4.226458,5.851061,7.005598,9.236302,10.80364
mclnv4bywkmk14jljd,1,7,6,3,3,6,55,1,2,2025-07-02 16:55:00,5,3,7,3,3,7,30,0,1,20,2025-07-02 16:59:00,1.0,,3.139145,3.692541,3.147179,3.618194,3.152542,3.410744,4.580237,5.479057,7.447711,8.687483,1.197612,1.411196,1.2139,1.410658,1.731223,2.008722,6.047658,6.409321,10.44332,10.43732
mclnv4bywkmk14jljd,1,10,6,6,0,12,56,1,1,2025-07-02 16:55:00,6,2,7,6,0,13,71,0,1,26,2025-07-02 17:00:00,1.0,,-2.14917,-1.00682,-1.85096,-1.41652,-1.98169,-1.63569,-1.81726,-1.88001,-2.07493,-2.09947,-1.88537,-1.15232,-1.99002,-1.67368,-1.96899,-1.6243,-1.92285,-1.76995,-1.99041,-1.7611
mclo4ivav2gwxlhpwc.000,0,2,6,6,0,12,49,0,1,2025-07-02 17:06:00,1,8,7,6,0,13,70,1,0,26,2025-07-02 17:02:00,1.0,,0.707257,0.469086,2.125175,0.69091,4.157257,1.592866,10.13219,6.115469,14.77483,10.42881,1.162823,1.32664,1.185093,1.4279,1.724315,2.076121,6.112675,6.334398,10.39995,10.40201
mclo4ivav2gwxlhpwc.000,0,10,6,3,3,6,51,0,2,2025-07-02 17:07:00,2,12,6,6,0,12,75,1,0,24,2025-07-02 17:03:00,1.0,,3.961509,4.672798,4.034176,4.36703,3.975861,4.306377,5.831676,6.858332,9.367563,10.75536,0.663634,0.826862,0.674483,0.816765,1.179633,1.326131,4.755934,5.088438,8.452486,8.472856
mclo4ivav2gwxlhpwc.000,0,5,6,0,6,0,0,0,3,2025-07-02 17:07:00,3,1,6,3,3,6,0,1,0,18,2025-07-02 17:04:00,1.0,,-2.0511,-0.95634,-1.97071,-1.45127,-1.847,-1.78343,-1.90919,-1.77138,-1.95002,-1.87784,-1.79896,-0.97901,-2.03439,-1.38436,-1.94896,-1.60754,-1.94066,-1.90241,-1.99884,-2.10996
mclo4ivav2gwxlhpwc.000,0,3,7,3,3,7,55,0,5,2025-07-02 17:07:00,4,4,6,0,6,0,0,1,0,12,2025-07-02 17:05:00,1.0,,0.6548,0.804607,0.663838,0.847634,1.132888,1.366905,4.81639,4.959027,8.387078,8.482028,4.070801,4.285696,3.998938,4.421522,4.01821,4.223633,5.868601,6.917515,9.338926,10.92002
mclo4ivav2gwxlhpwc.000,0,9,7,6,0,13,75,0,4,2025-07-02 17:07:00,5,6,7,3,3,7,10,1,0,20,2025-07-02 17:06:00,1.0,,1.191427,1.365523,1.227169,1.360308,1.762215,1.94446,6.086899,6.31762,10.3467,10.50759,0.71541,0.436202,2.112808,0.66964,4.068683,1.628083,10.03759,6.203859,14.76851,10.41006
mclo4ivav2gwxlhpwc.000,0,11,7,0,6,1,8,0,6,2025-07-02 17:07:00,6,7,7,0,6,1,0,1,0,14,2025-07-02 17:06:00,1.0,,3.184798,3.517058,3.128194,3.543858,3.143776,3.336452,4.611732,5.523364,7.424775,8.882842,3.140905,3.484309,3.146217,3.513988,3.182738,3.342056,4.591452,5.556099,7.456558,8.733567
mclodkgijophefvlbd,0,3,7,6,0,13,55,1,4,2025-07-02 17:09:00,1,2,6,6,0,12,94,0,0,24,2025-07-02 17:11:00,1.0,,1.224996,1.30206,1.214482,1.427818,1.763798,1.979799,6.07381,6.378367,10.40809,10.66708,0.700797,0.540361,2.19334,0.704033,4.072727,1.622645,10.10447,6.096907,14.82657,10.48569
mclodkgijophefvlbd,0,8,7,3,3,7,29,1,5,2025-07-02 17:09:00,2,4,7,6,0,13,77,0,0,26,2025-07-02 17:12:00,1.0,,-1.95683,-0.85191,-1.95344,-1.40405,-1.87638,-1.68168,-2.10914,-1.8882,-1.88559,-2.03017,3.134315,3.716102,3.089947,3.445925,3.088627,3.363054,4.562568,5.455396,7.563805,8.758214
mclodkgijophefvlbd,0,6,6,3,3,6,19,1,2,2025-07-02 17:09:00,3,11,6,3,3,6,61,0,0,18,2025-07-02 17:13:00,1.0,,0.669369,0.434889,2.165417,0.723889,4.098328,1.624985,10.09512,6.199563,14.78826,10.52883,-1.83365,-0.96119,-1.8986,-1.53725,-2.03636,-1.51581,-1.96865,-1.88168,-1.92833,-2.01586
mclodkgijophefvlbd,0,1,7,0,6,1,9,1,6,2025-07-02 17:09:00,4,10,6,0,6,0,0,0,0,12,2025-07-02 17:14:00,1.0,,4.043912,4.353792,4.11371,4.340238,4.089605,4.075277,5.79904,6.850105,9.25752,10.68477,1.15683,1.331343,1.206091,1.443193,1.704177,2.001328,6.053971,6.325042,10.39321,10.63319
mclodkgijophefvlbd,0,12,6,6,0,12,29,1,1,2025-07-02 17:10:00,5,5,7,0,6,1,7,0,0,14,2025-07-02 17:14:00,1.0,,3.132673,3.596338,3.171894,3.540889,3.185673,3.358807,4.577989,5.516964,7.458044,8.807185,0.608764,0.804078,0.673983,0.888591,1.154303,1.386089,4.749269,4.955173,8.442952,8.524922
mclodkgijophefvlbd,0,7,6,0,6,0,0,1,3,2025-07-02 17:10:00,6,9,7,3,3,7,48,0,0,20,2025-07-02 17:15:00,1.0,,0.644423,0.829585,0.712413,0.81957,1.136412,1.386448,4.751546,4.979805,8.419479,8.552189,4.106478,4.30291,4.076171,4.349873,4.093645,4.205968,5.811833,6.967294,9.196209,10.74101
mclodv3ut2bst4qqi3.000,1,11,7,6,0,13,57,0,4,2025-07-02 17:14:00,1,2,7,0,6,1,0,1,1,14,2025-07-02 17:09:00,1.0,,0.727371,0.410181,2.123026,0.703029,4.0972,1.601901,10.12048,6.048268,14.83848,10.45576,-2.09252,-1.3986,-1.99537,-1.73683,-2.04794,-1.89945,-2.04767,-1.96322,-2.0675,-1.8188
mclodv3ut2bst4qqi3.000,1,1,6,0,6,0,0,0,3,2025-07-02 17:14:00,2,7,6,0,6,0,0,1,1,12,2025-07-02 17:10:00,1.0,,-2.04106,-1.1225,-1.95648,-1.45656,-1.93731,-1.61406,-1.94707,-1.93128,-1.9323,-2.2765,1.155133,1.363208,1.190003,1.395664,1.771107,2.016319,6.095685,6.210676,10.50722,10.44731
mclodv3ut2bst4qqi3.000,1,6,7,0,6,1,0,0,6,2025-07-02 17:14:00,3,8,7,3,3,7,20,1,1,20,2025-07-02 17:11:00,1.0,,3.159789,3.411386,3.216391,3.634127,3.146648,3.356807,4.610277,5.517258,7.534002,8.747314,3.963714,4.436441,4.082419,4.297028,4.034658,4.151707,5.80459,6.891818,9.231549,10.70329
mclodv3ut2bst4qqi3.000,1,10,7,3,3,7,70,0,5,2025-07-02 17:14:00,4,3,7,6,0,13,38,1,1,26,2025-07-02 17:12:00,1.0,,1.162467,1.368054,1.214009,1.428445,1.703467,1.988114,6.042708,6.327452,10.47053,10.54275,3.172305,3.451192,3.049493,3.531418,3.116514,3.341139,4.629697,5.504676,7.515438,8.668835
mclodv3ut2bst4qqi3.000,1,12,6,6,0,12,67,0,1,2025-07-02 17:14:00,5,4,6,3,3,6,16,1,1,18,2025-07-02 17:13:00,1.0,,0.657792,0.84517,0.661519,0.832147,1.095209,1.411901,4.779957,4.976558,8.508241,8.317976,0.617506,0.802981,0.617144,0.870857,1.125499,1.392193,4.735145,4.960265,8.436129,8.411721
mclodv3ut2bst4qqi3.000,1,5,6,3,3,6,50,0,2,2025-07-02 17:14:00,6,9,6,6,0,12,36,1,1,24,2025-07-02 17:14:00,1.0,,4.029942,4.320913,4.037622,4.322005,4.078728,4.100018,5.858935,6.887164,9.352314,10.82944,-1.99444,-1.04346,-1.942,-1.43181,-1.92067,-1.79246,-2.00911,-1.89796,-1.81931,-1.76324
mclomq7keo3wh0bof8.000,0,3,7,6,0,13,59,0,4,2025-07-02 17:21:00,1,11,6,6,0,12,30,1,0,24,2025-07-02 17:17:00,1.0,,,,,,,,,,,,,,,,,,,,,
mclomq7keo3wh0bof8.000,0,9,6,0,6,0,0,0,3,2025-07-02 17:21:00,2,1,6,3,3,6,20,1,0,18,2025-07-02 17:17:00,1.0,,,,,,,,,,,,,,,,,,,,,
mclomq7keo3wh0bof8.000,0,7,7,0,6,1,1,0,6,2025-07-02 17:21:00,3,4,7,3,3,7,0,1,0,20,2025-07-02 17:18:00,1.0,,,,,,,,,,,,,,,,,,,,,
mclomq7keo3wh0bof8.000,0,10,6,6,0,12,78,0,1,2025-07-02 17:21:00,4,5,6,0,6,0,10,1,0,12,2025-07-02 17:19:00,1.0,,,,,,,,,,,,,,,,,,,,,
mclomq7keo3wh0bof8.000,0,6,6,3,3,6,47,0,2,2025-07-02 17:21:00,5,2,7,0,6,1,0,1,0,14,2025-07-02 17:19:00,1.0,,,,,,,,,,,,,,,,,,,,,
mclomq7keo3wh0bof8.000,0,8,7,3,3,7,49,0,5,2025-07-02 17:21:00,6,12,7,6,0,13,10,1,0,26,2025-07-02 17:20:00,1.0,,,,,,,,,,,,,,,,,,,,,
mclpg882lugv6xq36x.sss,1,1,7,0,6,1,100,1,6,2025-07-02 17:40:00,1,2,7,3,3,7,35,0,1,20,2025-07-02 17:45:00,0.0,,,,,,,,,,,,,,,,,,,,,
mclpg882lugv6xq36x.sss,1,4,7,6,0,13,75,1,4,2025-07-02 17:41:00,2,8,6,3,3,6,25,0,1,18,2025-07-02 17:46:00,0.0,,,,,,,,,,,,,,,,,,,,,
mclpg882lugv6xq36x.sss,1,11,6,0,6,0,0,1,3,2025-07-02 17:42:00,3,6,6,0,6,0,-18,0,1,12,2025-07-02 17:47:00,0.0,,,,,,,,,,,,,,,,,,,,,
mclpg882lugv6xq36x.sss,1,3,6,3,3,6,42,1,2,2025-07-02 17:42:00,4,9,7,6,0,13,36,0,1,26,2025-07-02 17:48:00,0.0,,,,,,,,,,,,,,,,,,,,,
mclpg882lugv6xq36x.sss,1,7,7,3,3,7,69,1,5,2025-07-02 17:43:00,5,10,7,0,6,1,3,0,1,14,2025-07-02 17:48:00,0.0,,,,,,,,,,,,,,,,,,,,,
mclpg882lugv6xq36x.sss,1,5,6,6,0,12,50,1,1,2025-07-02 17:43:00,6,12,6,6,0,12,41,0,1,24,2025-07-02 17:50:00,0.0,,,,,,,,,,,,,,,,,,,,,
mclphsh869xrwnbby6.ass,0,3,6,3,3,6,65,0,2,2025-07-02 17:58:00,1,1,7,0,6,1,-5,1,0,14,2025-07-02 17:45:00,1.0,,,,,,,,,,,,,,,,,,,,,
mclphsh869xrwnbby6.ass,0,11,6,0,6,0,10,0,3,2025-07-02 18:00:00,2,9,6,6,0,12,20,1,0,24,2025-07-02 17:48:00,1.0,,,,,,,,,,,,,,,,,,,,,
mclphsh869xrwnbby6.ass,0,2,7,0,6,1,5,0,6,2025-07-02 18:02:00,3,7,7,3,3,7,25,1,0,20,2025-07-02 17:51:00,1.0,,,,,,,,,,,,,,,,,,,,,
mclphsh869xrwnbby6.ass,0,6,7,6,0,13,60,0,4,2025-07-02 18:03:00,4,10,7,6,0,13,20,1,0,26,2025-07-02 17:53:00,1.0,,,,,,,,,,,,,,,,,,,,,
mclphsh869xrwnbby6.ass,0,4,6,6,0,12,50,0,1,2025-07-02 18:04:00,5,8,6,3,3,6,15,1,0,18,2025-07-02 17:55:00,1.0,,,,,,,,,,,,,,,,,,,,,
mclphsh869xrwnbby6.ass,0,12,7,3,3,7,60,0,5,2025-07-02 18:05:00,6,5,6,0,6,0,40,1,0,12,2025-07-02 17:56:00,1.0,,,,,,,,,,,,,,,,,,,,,
mclpud99swp1cryx8x.wee,1,3,7,0,6,1,80,1,6,2025-07-02 17:52:00,1,6,7,6,0,13,48,0,1,26,2025-07-02 18:04:00,1.0,,,,,,,,,,,,,,,,,,,,,
mclpud99swp1cryx8x.wee,1,8,6,6,0,12,50,1,1,2025-07-02 17:54:00,2,4,7,3,3,7,60,0,1,20,2025-07-02 18:07:00,1.0,,,,,,,,,,,,,,,,,,,,,
mclpud99swp1cryx8x.wee,1,5,7,6,0,13,60,1,4,2025-07-02 17:55:00,3,12,6,6,0,12,50,0,1,24,2025-07-02 18:09:00,1.0,,,,,,,,,,,,,,,,,,,,,
mclpud99swp1cryx8x.wee,1,1,6,3,3,6,50,1,2,2025-07-02 17:58:00,4,2,6,3,3,6,55,0,1,18,2025-07-02 18:13:00,1.0,,,,,,,,,,,,,,,,,,,,,
mclpud99swp1cryx8x.wee,1,11,7,3,3,7,65,1,5,2025-07-02 17:59:00,5,10,6,0,6,0,0,0,1,12,2025-07-02 18:15:00,1.0,,,,,,,,,,,,,,,,,,,,,
mclpud99swp1cryx8x.wee,1,9,6,0,6,0,0,1,3,2025-07-02 18:00:00,6,7,7,0,6,1,15,0,1,14,2025-07-02 18:17:00,1.0,,,,,,,,,,,,,,,,,,,,,
