user_id,,,,,,,,,,
mclnupe9cnfgefllez6.ee,,,,,,,,,,
mclnc5k13y5h6xb29t.ass,,,,,,,,,,
mclnb9ks0d6eet4r04,,,,,,,,,,
mclnmp0njjctosa2t9,,,,,,,,,,
mclnbmojqk41p0tn2l,,,,,,,,,,
mclnbewrhhzphpc9db.sss,,,,,,,,,,
mclncpm2cci0cd3vp8y.ee,,,,,,,,,,
mcloaebpimji2fsu2s,,,,,,,,,,
mclnbjdzlo0264kv8y.3ll,,,,,,,,,,
mclnxg12nslkx6s7x2.ass,,,,,,,,,,
mclnb9es89bcb1enfz,,,,,,,,,,
mclncsw68y86dyh3wu.p77,,,,,,,,,,
mclnbskcktx7zfb0ps.i,,,,,,,,,,
mclnd6dtzytsyfh1q6,,,,,,,,,,
mclpy1vlpdfd13mxzw.sss,,,,,,,,,,
mclpg882lugv6xq36x.sss,,,,,,,,,,
mclpud99swp1cryx8x.wee,,,,,,,,,,
mclphsh869xrwnbby6.ass,,,,,,,,,,
mcltqyjvrajhhop1ht.777,,,,,,,,,,
mclne6s23zl4eencpb.ass,,,,,,,,,,
mclodv3ut2bst4qqi3.000,,,,,,,,,,
mclodkgijophefvlbd,,,,,,,,,,
mclnaufv4act0uxzyz,,,,,,,,,,
mclnbvvarwm0salkzx.sss,,,,,,,,,,
mclnct0ngnftgawlpv.ass,,,,,,,,,,
mclndk0flkvlbgpgun,,,,,,,,,,
mclnsvr9a41h0ts5qa.777,,,,,,,,,,
mclniw8tmb8nms1x5t.sss,,,,,,,,,,
mclno8m57qwge0r9id.ass,,,,,,,,,,
mclnbah2fjesbxq42c.777,,,,,,,,,,
mclneqtpbcq144lby5.3ll,,,,,,,,,,
mclncramut1rac356b,,,,,,,,,,
mclo5kvjtcbj13yygz.777,,,,,,,,,,
mclnbk8iqxvqcn1qk8.lll,,,,,,,,,,
mclndafuqa7pm5xn1i.wee,,,,,,,,,,
mclngfqok0z1b5gpjz.lll,,,,,,,,,,
mclnbg8cgnvgvryl3d.ass,,,,,,,,,,
mclnhac133co78a5yp,,,,,,,,,,
mclnxdwfdpg6d6vy5f6.ss,,,,,,,,,,
mclnal6x0y53btq18j.777,,,,,,,,,,
mclna1mkyreqtne4lm.wee,,,,,,,,,,
mclnamxkgqjz4quvtv.sss,,,,,,,,,,
mclne5rq7aey1iecmo.i,,,,,,,,,,
mclncm1luszxoo3uka.p77,,,,,,,,,,
mclnrvzltrywxh6ry2.p77,,,,,,,,,,
mclnb36wupm6oz324f.i,,,,,,,,,,
mclnbjfii8q61r4pur.ass,,,,,,,,,,
mclo0otcab0fp27vrv.lll,,,,,,,,,,
mcln9z3kj7p2n3j1xr.eee,,,,,,,,,,
mclnbjnbdnsxk365tl.sss,,,,,,,,,,
mclnantzqx2h8rjgam.sss,,,,,,,,,,
mclnaehcjy2j1sbacr.eee,,,,,,,,,,
mclnao57zgs713pemj.eee,,,,,,,,,,
mclnka0s3q8i3hzb7q.777,,,,,,,,,,
mclnvqr5bhj8trxh7b.sss,,,,,,,,,,
mcloe7cr6y10aoqd75.000,,,,,,,,,,
mclnbnntty9d24j2hz.sss,,,,,,,,,,
mcln9xo5t81bgfw4nm.ass,,,,,,,,,,
mclng77lh9kyndz0lp,,,,,,,,,,
mclnf61nxxfs2hhszf.eee,,,,,,,,,,
mcln9zaxd239xajjak.wee,,,,,,,,,,
mclnbjss06tjhry4a3.i,,,,,,,,,,
mclna2pbkes5dt9wru.sss,,,,,,,,,,
mcln966w5ayflxl00s,,,,,,,,,,
mclnboj993uko4i8wg.wee,,,,,,,,,,
mclna9vjc53rjf7meg.3ll,,,,,,,,,,
mclnatp4jcgpq4hnoa.eee,,,,,,,,,,
mclnamrgnfkuwif54u,,,,,,,,,,
mclncw9jiiaqcj0fy3.sss,,,,,,,,,,
mclnacenjw3v7p7mwv,,,,,,,,,,
mcln9zhzfsqn5t376k.3ll,,,,,,,,,,
mclnv4bywkmk14jljd,,,,,,,,,,
mclncn9cnikcpb6irr.777,,,,,,,,,,
mclna0mx9w4yqta7ae.eee,,,,,,,,,,
mclnhpg0zl8l8kievk.ass,,,,,,,,,,
mcll6pqayp5g03ajyy.lll,,,,,,,,,,
mcll7xcpe3xxlwp8ze.i,,,,,,,,,,
mcll69xvddcgubiz4f,,,,,,,,,,
mcllci79nopymd7qbk.sss,,,,,,,,,,
mcll7l8t73kp42x45p,,,,,,,,,,
mcll7ctpzp56tf8wu2,,,,,,,,,,
mcll6x95i4b8ac15l6.eee,,,,,,,,,,
mcll76hmkawor99cez.i,,,,,,,,,,
mcllggn3tj8budljfi,,,,,,,,,,
mcll6pjb5sht5l4grc.eee,,,,,,,,,,
mcln9s7wign1xc1nx3.i,,,,,,,,,,
mclnfklrloomvoajvr,,,,,,,,,,
mclnd1qnl9snabc766,,,,,,,,,,
mcln99wklpura6l77k.eee,,,,,,,,,,
mcln9le5ofgf0m3sph.p77,,,,,,,,,,
mclnall7dzdygzumoi.3ll,,,,,,,,,,
mclnbv4and882gh98q,,,,,,,,,,
mcln9gt4v184bt5q8y.p77,,,,,,,,,,
mclnavqq35eybp1xvz,,,,,,,,,,
mclnj85zbia36mnrok.777,,,,,,,,,,
mcll8qiatel5yqpclxq,,,,,,,,,,
mcll7k4xxus6re6pgl.sss,,,,,,,,,,
mcll6gl3azf90l1dyb.wee,,,,,,,,,,
mcll75x1khrd37rv6o.3ll,,,,,,,,,,
mcllibvr9e05yx24fh.i,,,,,,,,,,
mcll866ye6pylz01bw.ass,,,,,,,,,,
mcll64y6b4oezqkjc9,,,,,,,,,,
mcll5qde7ncrwb4o7g.p77,,,,,,,,,,
mcll5sdelpjgyxvgdp.eee,,,,,,,,,,
mcll7my7at5u4pncux,,,,,,,,,,
mclm40c7io87bchvzx.p77,,,,,,,,,,
mcll8igionx3zx5igc.sss,,,,,,,,,,
mcllzgxg5maq17u5nc,,,,,,,,,,
mcll86pp7xanndb8wj.i,,,,,,,,,,
mcll65paquk3clg5sn,,,,,,,,,,
mcll88l4qcxkx40mm3k.ee,,,,,,,,,,
mcll7c21qd9v2guhtr,,,,,,,,,,
mcll7g1wnjo34rftxf,,,,,,,,,,
mcmv3k79c61u7ugyx1,,,,,,,,,,
mcll8j4hhna0cjf4h7.lll,,,,,,,,,,
mclmelnxdtg1tym371.i,,,,,,,,,,
mcll69r400de3351rn.3ll,,,,,,,,,,
mcll65gjnnb9ef7xfxz,,,,,,,,,,
mclldxvsmo35k8j2cy,,,,,,,,,,
mcll6dvwzwl1v1q0ti.777,,,,,,,,,,
mcll6bmok1n0njv0ab.eee,,,,,,,,,,
mcll6i5ndu9zsn77sq.lll,,,,,,,,,,
mcllb27o8tzti74md4,,,,,,,,,,
mcll5m85olyfjj0k90,,,,,,,,,,
mcllag1fzlihejt9uo.p77,,,,,,,,,,
mcll84yq3c7p4tyfc3.sss,,,,,,,,,,
mcllbat1t0udyejp68.ass,,,,,,,,,,
mcllhtswk2ekv8wshn.eee,,,,,,,,,,
mcllfwq1mhlrbe5ga1.777,,,,,,,,,,
mclly3rvc8smsr6a1a.lll,,,,,,,,,,
mcll74m49tz5dbzdvw.i,,,,,,,,,,
mclldmkzp3xzpq2lkk.i,,,,,,,,,,
mcll7ucumfq161wvm0.sss,,,,,,,,,,
mcll7roqioitd7jxqt.p77,,,,,,,,,,
mcll50bcy1zv872u86.lll,,,,,,,,,,
mcllpd3f2mx4jqqwww.eee,,,,,,,,,,
mcllpifgvj82skgv0j,,,,,,,,,,
mclmeekysi90pq3ygt.3ll,,,,,,,,,,
mclldfjef7659272y2.sss,,,,,,,,,,
mcll60xnwtjce72n1l.777,,,,,,,,,,
mcll6io834fgdcmx9b.eee,,,,,,,,,,
mcll7ssqm0fpuv40rq.eee,,,,,,,,,,
mcllbbdxglsrr4ouk3.wee,,,,,,,,,,
mcll56sd75db8qaxqx,,,,,,,,,,
mcllc2b6t7ytoskbnv,,,,,,,,,,
mclle2spltt3ajqc4m.wee,,,,,,,,,,
mcllv4m90m0sa7y0bbx.ll,,,,,,,,,,
mcll5aimswpxusnyiu.lll,,,,,,,,,,
mcllxmwnl5s6v7za3w.3ll,,,,,,,,,,
mclm3nkm6iaxoft5xt.ass,,,,,,,,,,
mcll5az7vbgbiykzed,,,,,,,,,,
mcllmuryujcal0yqid.lll,,,,,,,,,,
mcll5orr7i85sm6ff1,,,,,,,,,,
mcll6mo2fmxw9hy2cr.i,,,,,,,,,,
mcll4qx9fuj8krv92g.wee,,,,,,,,,,
mcllrghza5ib1834wz.777,,,,,,,,,,
mclldzm9rzls0ymtxr.3ll,,,,,,,,,,
mcll4rmr92dljfi9xm.p77,,,,,,,,,,
mcll74eoaxj4gdji59.777,,,,,,,,,,
mcll4ctj75ys035ren.wee,,,,,,,,,,
mcll5c1wv85unn3sp0.eee,,,,,,,,,,
mcll5n2tno4ajmj2cj.sss,,,,,,,,,,
mcll7tv1j8mkkl5684,,,,,,,,,,
mclmk3kjluzqjrq0aa.wee,,,,,,,,,,
mcll5d8gtm7gpvejzy.eee,,,,,,,,,,
mcll6o8fsheywxs2bg.ass,,,,,,,,,,
mcll5335u98sk4zlq7,,,,,,,,,,
mcll63uzmmcu60sol7,,,,,,,,,,
mcllldkue64p2zj1l3.lll,,,,,,,,,,
mcllz6prnmxsed7js2.ass,,,,,,,,,,
mcll7fvxc800uiqgo8.eee,,,,,,,,,,
mcll6afnfrq9o2x0jk.777,,,,,,,,,,
mcllm5t1mi2e7z7ywo.3ll,,,,,,,,,,
mcll4p2b9leju4ephg.p77,,,,,,,,,,
mcll52ujpq0yf77ww4,,,,,,,,,,
mclm08q7rknfvd271a.i,,,,,,,,,,
mcll5ry0686i2m8pyy.i,,,,,,,,,,
mcllcs7ec11q9tcwbm.i,,,,,,,,,,
mcllmap6dy1q2pjwoh,,,,,,,,,,
mcll7o7izxwcup5a2m,,,,,,,,,,
mcll67un6dq3qzcvqy.3ll,,,,,,,,,,
mcll9pp4h1gfdq6330.777,,,,,,,,,,
mcll7huybpfp4y5wgj,,,,,,,,,,
mclla4g5vquediuf89d.i,,,,,,,,,,
mcll7z4qczwymqcdkx.i,,,,,,,,,,
mcll7edcq3bpx0q09y,,,,,,,,,,
mcll5irw6hyl31z7h7.sss,,,,,,,,,,
mcll53y5mokezfxqsl.3ll,,,,,,,,,,
mcllguv9x4e4hzt9q4.3ll,,,,,,,,,,
mcll4bmhw0znkuzj99.sss,,,,,,,,,,
mcll5i6tngqzd7yacu,,,,,,,,,,
mcllegdr0rb3wv31m4.3ll,,,,,,,,,,
mcll69xpg7665ebw41.sss,,,,,,,,,,
mclmfe2ao14plnw3b3.lll,,,,,,,,,,
mclkxfz3rgz1pibicz.sss,,,,,,,,,,
mclo4ivav2gwxlhpwc.000,,,,,,,,,,
mclomq7keo3wh0bof8.000,,,,,,,,,,
mclnca3grblvnut6p9.777,,,,,,,,,,
mclninywxofe0g24vl,,,,,,,,,,
mclnb237j2i7wnbmbs3,,,,,,,,,,
,,,,,,,,,,
,,,,,,,,,,
,,,,,,,,,,
,,,,,,,,,,
,,,,,,,,,,
,,,,,,,,,,
,,,,,,,,,,
,,,,,,,,,,
,,,,,,,,,,
,,,,,,,,,,
,,,,,,,,,,
,,,,,,,,,,
,,,,,,,,,,
,,,,,,,,,,
,,,,,,,,,,
,,,,,,,,,,
,,,,,,,,,,
,,,,,,,,,,
,,,,,,,,,,
,,,,,,,,,,
,,,,,,,,,,
,,,,,,,,,,
,,,,,,,,,,
,,,,,,,,,,
,,,,,,,,,,
,,,,,,,,,,
,,,,,,,,,,
,,,,,,,,,,
,,,,,,,,,,
,,,,,,,,,,
,,,,,,,,,,
,,,,,,,,,,
,,,,,,,,,,
,,,,,,,,,,
,,,,,,,,,,
,,,,,,,,,,
,,,,,,,,,,
,,,,,,,,,,
,,,,,,,,,,
,,,,,,,,,,
,,,,,,,,,,
,,,,,,,,,,
,,,,,,,,,,
,,,,,,,,,,
,,,,,,,,,,
,,,,,,,,,,
,,,,,,,,,,
,,,,,,,,,,
,,,,,,,,,,
,,,,,,,,,,
,,,,,,,,,,
,,,,,,,,,,
,,,,,,,,,,
,,,,,,,,,,
,,,,,,,,,,
,,,,,,,,,,
,,,,,,,,,,
,,,,,,,,,,
,,,,,,,,,,
,,,,,,,,,,
,,,,,,,,,,
,,,,,,,,,,
,,,,,,,,,,
,,,,,,,,,,
,,,,,,,,,,
,,,,,,,,,,
,,,,,,,,,,
,,,,,,,,,,
,,,,,,,,,,
,,,,,,,,,,
,,,,,,,,,,
,,,,,,,,,,
,,,,,,,,,,
,,,,,,,,,,
,,,,,,,,,,
,,,,,,,,,,
,,,,,,,,,,
,,,,,,,,,,
,,,,,,,,,,
,,,,,,,,,,
,,,,,,,,,,
,,,,,,,,,,
,,,,,,,,,,
,,,,,,,,,,
,,,,,,,,,,
,,,,,,,,,,
,,,,,,,,,,
,,,,,,,,,,
,,,,,,,,,,
,,,,,,,,,,
,,,,,,,,,,
,,,,,,,,,,
,,,,,,,,,,
,,,,,,,,,,
,,,,,,,,,,
,,,,,,,,,,
,,,,,,,,,,
,,,,,,,,,,
,,,,,,,,,,
,,,,,,,,,,
,,,,,,,,,,
,,,,,,,,,,
,,,,,,,,,,
,,,,,,,,,,
,,,,,,,,,,
,,,,,,,,,,
,,,,,,,,,,
,,,,,,,,,,
,,,,,,,,,,
,,,,,,,,,,
,,,,,,,,,,
,,,,,,,,,,
,,,,,,,,,,
,,,,,,,,,,
,,,,,,,,,,
,,,,,,,,,,
,,,,,,,,,,
,,,,,,,,,,
,,,,,,,,,,
,,,,,,,,,,
,,,,,,,,,,
,,,,,,,,,,
,,,,,,,,,,
,,,,,,,,,,
,,,,,,,,,,
,,,,,,,,,,
,,,,,,,,,,
,,,,,,,,,,
,,,,,,,,,,
,,,,,,,,,,
,,,,,,,,,,
,,,,,,,,,,
,,,,,,,,,,
,,,,,,,,,,
,,,,,,,,,,
,,,,,,,,,,
,,,,,,,,,,
,,,,,,,,,,
,,,,,,,,,,
,,,,,,,,,,
,,,,,,,,,,
,,,,,,,,,,
,,,,,,,,,,
,,,,,,,,,,
,,,,,,,,,,
,,,,,,,,,,
,,,,,,,,,,
,,,,,,,,,,
,,,,,,,,,,
,,,,,,,,,,
,,,,,,,,,,
,,,,,,,,,,
,,,,,,,,,,
,,,,,,,,,,
,,,,,,,,,,
,,,,,,,,,,
,,,,,,,,,,
,,,,,,,,,,
,,,,,,,,,,
,,,,,,,,,,
,,,,,,,,,,
,,,,,,,,,,
,,,,,,,,,,
,,,,,,,,,,
,,,,,,,,,,
,,,,,,,,,,
,,,,,,,,,,
,,,,,,,,,,
,,,,,,,,,,
,,,,,,,,,,
,,,,,,,,,,
,,,,,,,,,,
,,,,,,,,,,
,,,,,,,,,,
,,,,,,,,,,
,,,,,,,,,,
,,,,,,,,,,
,,,,,,,,,,
,,,,,,,,,,
,,,,,,,,,,
,,,,,,,,,,
,,,,,,,,,,
,,,,,,,,,,
,,,,,,,,,,
,,,,,,,,,,
,,,,,,,,,,
,,,,,,,,,,
,,,,,,,,,,
,,,,,,,,,,
,,,,,,,,,,
,,,,,,,,,,
,,,,,,,,,,
,,,,,,,,,,
,,,,,,,,,,
,,,,,,,,,,
,,,,,,,,,,
,,,,,,,,,,
,,,,,,,,,,
,,,,,,,,,,
,,,,,,,,,,
,,,,,,,,,,
,,,,,,,,,,
,,,,,,,,,,
,,,,,,,,,,
,,,,,,,,,,
,,,,,,,,,,
,,,,,,,,,,
,,,,,,,,,,
,,,,,,,,,,
,,,,,,,,,,
,,,,,,,,,,
,,,,,,,,,,
,,,,,,,,,,
,,,,,,,,,,
,,,,,,,,,,
,,,,,,,,,,
,,,,,,,,,,
,,,,,,,,,,
,,,,,,,,,,
,,,,,,,,,,
,,,,,,,,,,
,,,,,,,,,,
,,,,,,,,,,
,,,,,,,,,,
,,,,,,,,,,
,,,,,,,,,,
,,,,,,,,,,
,,,,,,,,,,
,,,,,,,,,,
,,,,,,,,,,
,,,,,,,,,,
,,,,,,,,,,
,,,,,,,,,,
,,,,,,,,,,
,,,,,,,,,,
,,,,,,,,,,
,,,,,,,,,,
,,,,,,,,,,
,,,,,,,,,,
,,,,,,,,,,
,,,,,,,,,,
,,,,,,,,,,
,,,,,,,,,,
,,,,,,,,,,
,,,,,,,,,,
,,,,,,,,,,
,,,,,,,,,,
,,,,,,,,,,
,,,,,,,,,,
,,,,,,,,,,
,,,,,,,,,,
,,,,,,,,,,
,,,,,,,,,,
,,,,,,,,,,
,,,,,,,,,,
,,,,,,,,,,
,,,,,,,,,,
,,,,,,,,,,
,,,,,,,,,,
,,,,,,,,,,
,,,,,,,,,,
,,,,,,,,,,
,,,,,,,,,,
,,,,,,,,,,
,,,,,,,,,,
,,,,,,,,,,
,,,,,,,,,,
,,,,,,,,,,
,,,,,,,,,,
,,,,,,,,,,
,,,,,,,,,,
,,,,,,,,,,
,,,,,,,,,,
,,,,,,,,,,
,,,,,,,,,,
,,,,,,,,,,
,,,,,,,,,,
,,,,,,,,,,
,,,,,,,,,,
,,,,,,,,,,
,,,,,,,,,,
,,,,,,,,,,
,,,,,,,,,,
,,,,,,,,,,
,,,,,,,,,,
,,,,,,,,,,
,,,,,,,,,,
,,,,,,,,,,
,,,,,,,,,,
,,,,,,,,,,
,,,,,,,,,,
,,,,,,,,,,
,,,,,,,,,,
,,,,,,,,,,
,,,,,,,,,,
,,,,,,,,,,
,,,,,,,,,,
,,,,,,,,,,
,,,,,,,,,,
,,,,,,,,,,
,,,,,,,,,,
,,,,,,,,,,
,,,,,,,,,,
,,,,,,,,,,
,,,,,,,,,,
,,,,,,,,,,
,,,,,,,,,,
,,,,,,,,,,
,,,,,,,,,,
,,,,,,,,,,
,,,,,,,,,,
,,,,,,,,,,
,,,,,,,,,,
,,,,,,,,,,
,,,,,,,,,,
,,,,,,,,,,
,,,,,,,,,,
,,,,,,,,,,
,,,,,,,,,,
,,,,,,,,,,
,,,,,,,,,,
,,,,,,,,,,
,,,,,,,,,,
,,,,,,,,,,
,,,,,,,,,,
,,,,,,,,,,
,,,,,,,,,,
,,,,,,,,,,
,,,,,,,,,,
,,,,,,,,,,
,,,,,,,,,,
,,,,,,,,,,
,,,,,,,,,,
,,,,,,,,,,
,,,,,,,,,,
,,,,,,,,,,
,,,,,,,,,,
,,,,,,,,,,
,,,,,,,,,,
,,,,,,,,,,
,,,,,,,,,,
,,,,,,,,,,
,,,,,,,,,,
,,,,,,,,,,
,,,,,,,,,,
,,,,,,,,,,
,,,,,,,,,,
,,,,,,,,,,
,,,,,,,,,,
,,,,,,,,,,
,,,,,,,,,,
,,,,,,,,,,
,,,,,,,,,,
,,,,,,,,,,
,,,,,,,,,,
,,,,,,,,,,
,,,,,,,,,,
,,,,,,,,,,
,,,,,,,,,,
,,,,,,,,,,
,,,,,,,,,,
,,,,,,,,,,
,,,,,,,,,,
,,,,,,,,,,
,,,,,,,,,,
,,,,,,,,,,
,,,,,,,,,,
,,,,,,,,,,
,,,,,,,,,,
,,,,,,,,,,
,,,,,,,,,,
,,,,,,,,,,
,,,,,,,,,,
,,,,,,,,,,
,,,,,,,,,,
,,,,,,,,,,
,,,,,,,,,,
,,,,,,,,,,
,,,,,,,,,,
,,,,,,,,,,
,,,,,,,,,,
,,,,,,,,,,
,,,,,,,,,,
,,,,,,,,,,
,,,,,,,,,,
,,,,,,,,,,
,,,,,,,,,,
,,,,,,,,,,
,,,,,,,,,,
,,,,,,,,,,
,,,,,,,,,,
,,,,,,,,,,
,,,,,,,,,,
,,,,,,,,,,
,,,,,,,,,,
,,,,,,,,,,
,,,,,,,,,,
,,,,,,,,,,
,,,,,,,,,,
,,,,,,,,,,
,,,,,,,,,,
,,,,,,,,,,
,,,,,,,,,,
,,,,,,,,,,
,,,,,,,,,,
,,,,,,,,,,
,,,,,,,,,,
,,,,,,,,,,
,,,,,,,,,,
,,,,,,,,,,
,,,,,,,,,,
,,,,,,,,,,
,,,,,,,,,,
,,,,,,,,,,
,,,,,,,,,,
,,,,,,,,,,
,,,,,,,,,,
,,,,,,,,,,
,,,,,,,,,,
,,,,,,,,,,
,,,,,,,,,,
,,,,,,,,,,
,,,,,,,,,,
,,,,,,,,,,
,,,,,,,,,,
,,,,,,,,,,
,,,,,,,,,,
,,,,,,,,,,
,,,,,,,,,,
,,,,,,,,,,
,,,,,,,,,,
,,,,,,,,,,
,,,,,,,,,,
,,,,,,,,,,
,,,,,,,,,,
,,,,,,,,,,
,,,,,,,,,,
,,,,,,,,,,
,,,,,,,,,,
,,,,,,,,,,
,,,,,,,,,,
,,,,,,,,,,
,,,,,,,,,,
,,,,,,,,,,
,,,,,,,,,,
,,,,,,,,,,
,,,,,,,,,,
,,,,,,,,,,
,,,,,,,,,,
,,,,,,,,,,
,,,,,,,,,,
,,,,,,,,,,
,,,,,,,,,,
,,,,,,,,,,
,,,,,,,,,,
,,,,,,,,,,
,,,,,,,,,,
,,,,,,,,,,
,,,,,,,,,,
,,,,,,,,,,
,,,,,,,,,,
,,,,,,,,,,
,,,,,,,,,,
,,,,,,,,,,
,,,,,,,,,,
,,,,,,,,,,
,,,,,,,,,,
,,,,,,,,,,
,,,,,,,,,,
,,,,,,,,,,
,,,,,,,,,,
,,,,,,,,,,
,,,,,,,,,,
,,,,,,,,,,
,,,,,,,,,,
,,,,,,,,,,
,,,,,,,,,,
,,,,,,,,,,
,,,,,,,,,,
,,,,,,,,,,
,,,,,,,,,,
,,,,,,,,,,
,,,,,,,,,,
,,,,,,,,,,
,,,,,,,,,,
,,,,,,,,,,
,,,,,,,,,,
,,,,,,,,,,
,,,,,,,,,,
,,,,,,,,,,
,,,,,,,,,,
,,,,,,,,,,
,,,,,,,,,,
,,,,,,,,,,
,,,,,,,,,,
,,,,,,,,,,
,,,,,,,,,,
,,,,,,,,,,
,,,,,,,,,,
,,,,,,,,,,
,,,,,,,,,,
,,,,,,,,,,
,,,,,,,,,,
,,,,,,,,,,
,,,,,,,,,,
,,,,,,,,,,
,,,,,,,,,,
,,,,,,,,,,
,,,,,,,,,,
,,,,,,,,,,
,,,,,,,,,,
,,,,,,,,,,
,,,,,,,,,,
,,,,,,,,,,
,,,,,,,,,,
,,,,,,,,,,
,,,,,,,,,,
,,,,,,,,,,
,,,,,,,,,,
,,,,,,,,,,
,,,,,,,,,,
,,,,,,,,,,
,,,,,,,,,,
,,,,,,,,,,
,,,,,,,,,,
,,,,,,,,,,
,,,,,,,,,,
,,,,,,,,,,
,,,,,,,,,,
,,,,,,,,,,
,,,,,,,,,,
,,,,,,,,,,
,,,,,,,,,,
,,,,,,,,,,
,,,,,,,,,,
,,,,,,,,,,
,,,,,,,,,,
,,,,,,,,,,
,,,,,,,,,,
,,,,,,,,,,
,,,,,,,,,,
,,,,,,,,,,
,,,,,,,,,,
,,,,,,,,,,
,,,,,,,,,,
,,,,,,,,,,
,,,,,,,,,,
,,,,,,,,,,
,,,,,,,,,,
,,,,,,,,,,
,,,,,,,,,,
,,,,,,,,,,
,,,,,,,,,,
,,,,,,,,,,
,,,,,,,,,,
,,,,,,,,,,
,,,,,,,,,,
,,,,,,,,,,
,,,,,,,,,,
,,,,,,,,,,
,,,,,,,,,,
,,,,,,,,,,
,,,,,,,,,,
,,,,,,,,,,
,,,,,,,,,,
,,,,,,,,,,
,,,,,,,,,,
,,,,,,,,,,
,,,,,,,,,,
,,,,,,,,,,
,,,,,,,,,,
,,,,,,,,,,
,,,,,,,,,,
,,,,,,,,,,
,,,,,,,,,,
,,,,,,,,,,
,,,,,,,,,,
,,,,,,,,,,
,,,,,,,,,,
,,,,,,,,,,
,,,,,,,,,,
,,,,,,,,,,
,,,,,,,,,,
,,,,,,,,,,
,,,,,,,,,,
,,,,,,,,,,
,,,,,,,,,,
,,,,,,,,,,
,,,,,,,,,,
,,,,,,,,,,
,,,,,,,,,,
,,,,,,,,,,
,,,,,,,,,,
,,,,,,,,,,
,,,,,,,,,,
,,,,,,,,,,
,,,,,,,,,,
,,,,,,,,,,
,,,,,,,,,,
,,,,,,,,,,
,,,,,,,,,,
,,,,,,,,,,
,,,,,,,,,,
,,,,,,,,,,
,,,,,,,,,,
,,,,,,,,,,
,,,,,,,,,,
,,,,,,,,,,
,,,,,,,,,,
,,,,,,,,,,
,,,,,,,,,,
,,,,,,,,,,
,,,,,,,,,,
,,,,,,,,,,
,,,,,,,,,,
,,,,,,,,,,
