id,user_id,condition_name,timestamp
1,mcll4ctj75ys035ren.wee,asymmetric,2025-07-02 15:38:01
2,mcll4bmhw0znkuzj99.sss,symmetric,2025-07-02 15:38:04
3,mcll4p2b9leju4ephg.p77,asymmetric,2025-07-02 15:38:10
4,mcll4qx9fuj8krv92g.wee,symmetric,2025-07-02 15:38:14
5,mcll4rmr92dljfi9xm.p77,asymmetric,2025-07-02 15:38:16
6,mcll50bcy1zv872u86.lll,symmetric,2025-07-02 15:38:22
7,mclkxfz3rgz1pibicz.sss,asymmetric,2025-07-02 15:38:23
8,mcll52ujpq0yf77ww4,symmetric,2025-07-02 15:38:25
9,mcll5335u98sk4zlq7,asymmetric,2025-07-02 15:38:31
10,mcll5aimswpxusnyiu.lll,symmetric,2025-07-02 15:38:34
11,mcll5c1wv85unn3sp0.eee,symmetric,2025-07-02 15:38:39
12,mcll5d8gtm7gpvejzy.eee,asymmetric,2025-07-02 15:38:41
13,mcll5m85olyfjj0k90,asymmetric,2025-07-02 15:38:50
14,mcll5l2iepz2wdz81b,symmetric,2025-07-02 15:38:54
15,mcll5orr7i85sm6ff1,asymmetric,2025-07-02 15:38:58
16,mcll5az7vbgbiykzed,symmetric,2025-07-02 15:38:58
17,mcll5sdelpjgyxvgdp.eee,symmetric,2025-07-02 15:39:00
18,mcll5i6tngqzd7yacu,asymmetric,2025-07-02 15:39:01
19,mcll5okpk1va7imcs8.777,asymmetric,2025-07-02 15:39:01
20,mcll5irw6hyl31z7h7.sss,symmetric,2025-07-02 15:39:03
21,mcll56sd75db8qaxqx,symmetric,2025-07-02 15:39:04
22,mcll53kpea68dgzp2d.p77,asymmetric,2025-07-02 15:39:05
23,mcll5ry0686i2m8pyy.i,symmetric,2025-07-02 15:39:07
24,mcll5n2tno4ajmj2cj.sss,asymmetric,2025-07-02 15:39:08
25,mcll5qde7ncrwb4o7g.p77,asymmetric,2025-07-02 15:39:09
26,mcll64y6b4oezqkjc9,symmetric,2025-07-02 15:39:12
27,mcll65paquk3clg5sn,symmetric,2025-07-02 15:39:18
28,mcll6dvwzwl1v1q0ti.777,asymmetric,2025-07-02 15:39:19
29,mcll65gjnnb9ef7xfxz,symmetric,2025-07-02 15:39:25
30,mcll67un6dq3qzcvqy.3ll,asymmetric,2025-07-02 15:39:27
31,mcll60xnwtjce72n1l.777,asymmetric,2025-07-02 15:39:29
32,mcll6afnfrq9o2x0jk.777,symmetric,2025-07-02 15:39:30
33,mcll69r400de3351rn.3ll,asymmetric,2025-07-02 15:39:30
34,mcll69xpg7665ebw41.sss,symmetric,2025-07-02 15:39:38
35,mcll6o8fsheywxs2bg.ass,symmetric,2025-07-02 15:39:39
36,mcll6bmok1n0njv0ab.eee,asymmetric,2025-07-02 15:39:42
37,mcll6pqayp5g03ajyy.lll,asymmetric,2025-07-02 15:39:48
38,mcll6mdnk1wikjyben,symmetric,2025-07-02 15:39:50
39,mcll6gl3azf90l1dyb.wee,asymmetric,2025-07-02 15:39:50
40,mcll6x95i4b8ac15l6.eee,symmetric,2025-07-02 15:39:51
41,mcll63uzmmcu60sol7,asymmetric,2025-07-02 15:39:53
42,mcll6mo2fmxw9hy2cr.i,symmetric,2025-07-02 15:39:55
43,mcll6pjb5sht5l4grc.eee,symmetric,2025-07-02 15:39:55
44,mcll75x1khrd37rv6o.3ll,asymmetric,2025-07-02 15:40:08
45,mcll7ctpzp56tf8wu2,symmetric,2025-07-02 15:40:10
46,mcll53y5mokezfxqsl.3ll,asymmetric,2025-07-02 15:40:16
47,mcll7c21qd9v2guhtr,symmetric,2025-07-02 15:40:16
48,mcll6io834fgdcmx9b.eee,asymmetric,2025-07-02 15:40:16
49,mcll74m49tz5dbzdvw.i,asymmetric,2025-07-02 15:40:18
50,mcll69xvddcgubiz4f,symmetric,2025-07-02 15:40:18
51,mcll7k4xxus6re6pgl.sss,asymmetric,2025-07-02 15:40:25
52,mcll76hmkawor99cez.i,symmetric,2025-07-02 15:40:26
53,mcll7awiiqdirr6496.p77,symmetric,2025-07-02 15:40:28
54,mcll7g1wnjo34rftxf,asymmetric,2025-07-02 15:40:29
55,mcll6i5ndu9zsn77sq.lll,asymmetric,2025-07-02 15:40:29
56,mcll7fvxc800uiqgo8.eee,symmetric,2025-07-02 15:40:31
57,mcll7o7izxwcup5a2m,asymmetric,2025-07-02 15:40:31
58,mcll7tv1j8mkkl5684,symmetric,2025-07-02 15:40:34
59,mcll7my7at5u4pncux,symmetric,2025-07-02 15:40:36
60,mcll7huybpfp4y5wgj,asymmetric,2025-07-02 15:40:39
61,mcll74eoaxj4gdji59.777,asymmetric,2025-07-02 15:40:40
62,mcll7ssqm0fpuv40rq.eee,symmetric,2025-07-02 15:40:42
63,mcll7roqioitd7jxqt.p77,symmetric,2025-07-02 15:40:44
64,mcll866ye6pylz01bw.ass,asymmetric,2025-07-02 15:40:54
65,mcll7edcq3bpx0q09y,symmetric,2025-07-02 15:40:54
66,mcll7ucumfq161wvm0.sss,asymmetric,2025-07-02 15:40:55
67,mcll84yq3c7p4tyfc3.sss,symmetric,2025-07-02 15:40:55
68,mcll7xcpe3xxlwp8ze.i,asymmetric,2025-07-02 15:40:58
69,mcll88l4qcxkx40mm3k.ee,asymmetric,2025-07-02 15:40:59
70,mcll86pp7xanndb8wj.i,symmetric,2025-07-02 15:41:02
71,mcll7l8t73kp42x45p,asymmetric,2025-07-02 15:41:04
72,mcll8igionx3zx5igc.sss,symmetric,2025-07-02 15:41:11
73,mcll7z4qczwymqcdkx.i,symmetric,2025-07-02 15:41:18
74,mcll8j4hhna0cjf4h7.lll,asymmetric,2025-07-02 15:41:35
75,mcll8qiatel5yqpclxq,symmetric,2025-07-02 15:42:06
76,mcll9pp4h1gfdq6330.777,asymmetric,2025-07-02 15:42:16
77,mclla4g5vquediuf89d.i,symmetric,2025-07-02 15:42:31
78,mcllb27o8tzti74md4,asymmetric,2025-07-02 15:43:18
79,mcllbbdxglsrr4ouk3.wee,asymmetric,2025-07-02 15:43:22
80,mcllbat1t0udyejp68.ass,symmetric,2025-07-02 15:43:23
81,mcllci79nopymd7qbk.sss,symmetric,2025-07-02 15:44:20
82,mcllag1fzlihejt9uo.p77,asymmetric,2025-07-02 15:44:22
83,mcllc2b6t7ytoskbnv,asymmetric,2025-07-02 15:44:29
84,mcllcs7ec11q9tcwbm.i,symmetric,2025-07-02 15:44:38
85,mclldfjef7659272y2.sss,asymmetric,2025-07-02 15:45:19
86,mclldxvsmo35k8j2cy,symmetric,2025-07-02 15:45:21
87,mclldzm9rzls0ymtxr.3ll,symmetric,2025-07-02 15:45:27
88,mcllegdr0rb3wv31m4.3ll,asymmetric,2025-07-02 15:45:47
89,mclldmkzp3xzpq2lkk.i,symmetric,2025-07-02 15:45:52
90,mclle2spltt3ajqc4m.wee,asymmetric,2025-07-02 15:45:54
91,mcllfwq1mhlrbe5ga1.777,symmetric,2025-07-02 15:46:53
92,mcllggn3tj8budljfi,asymmetric,2025-07-02 15:47:22
93,mcllguv9x4e4hzt9q4.3ll,symmetric,2025-07-02 15:47:44
94,mcllhtswk2ekv8wshn.eee,asymmetric,2025-07-02 15:48:30
95,mcllibvr9e05yx24fh.i,symmetric,2025-07-02 15:48:50
96,mcllldkue64p2zj1l3.lll,asymmetric,2025-07-02 15:51:16
97,mcllm5t1mi2e7z7ywo.3ll,asymmetric,2025-07-02 15:51:43
98,mcllmuryujcal0yqid.lll,symmetric,2025-07-02 15:52:46
99,mcllmap6dy1q2pjwoh,asymmetric,2025-07-02 15:53:31
100,mcllpifgvj82skgv0j,symmetric,2025-07-02 15:54:15
101,mcllpd3f2mx4jqqwww.eee,asymmetric,2025-07-02 15:54:26
102,mcllrghza5ib1834wz.777,symmetric,2025-07-02 15:55:46
103,mcllsofhyahk6xhee4g,asymmetric,2025-07-02 15:56:37
104,mcllujflun9kp27iv22.00,symmetric,2025-07-02 15:58:04
105,mcllv4m90m0sa7y0bbx.ll,symmetric,2025-07-02 15:58:45
106,mcllxmwnl5s6v7za3w.3ll,asymmetric,2025-07-02 16:01:12
107,mclly3rvc8smsr6a1a.lll,asymmetric,2025-07-02 16:01:42
108,mcllz6prnmxsed7js2.ass,symmetric,2025-07-02 16:01:49
109,mcmv3k79c61u7ugyx1,symmetric,2025-07-02 16:01:56
110,mcllzgxg5maq17u5nc,asymmetric,2025-07-02 16:02:15
111,mclm08q7rknfvd271a.i,symmetric,2025-07-02 16:02:35
112,mclm3nkm6iaxoft5xt.ass,asymmetric,2025-07-02 16:05:19
113,mclm40c7io87bchvzx.p77,asymmetric,2025-07-02 16:05:39
114,mclmeekysi90pq3ygt.3ll,symmetric,2025-07-02 16:13:37
115,mclmelnxdtg1tym371.i,asymmetric,2025-07-02 16:13:50
116,mclmfe2ao14plnw3b3.lll,symmetric,2025-07-02 16:14:22
117,mclmk3kjluzqjrq0aa.wee,symmetric,2025-07-02 16:18:07
118,mcln966w5ayflxl00s,asymmetric,2025-07-02 16:37:31
119,mcln9gt4v184bt5q8y.p77,symmetric,2025-07-02 16:37:50
120,mcln9le5ofgf0m3sph.p77,asymmetric,2025-07-02 16:37:59
121,mcln9z3kj7p2n3j1xr.eee,symmetric,2025-07-02 16:38:16
122,mcln99wklpura6l77k.eee,asymmetric,2025-07-02 16:38:19
123,mclna2pbkes5dt9wru.sss,asymmetric,2025-07-02 16:38:19
124,mclna0mx9w4yqta7ae.eee,symmetric,2025-07-02 16:38:21
125,mcln9s7wign1xc1nx3.i,symmetric,2025-07-02 16:38:23
126,mclna1mkyreqtne4lm.wee,asymmetric,2025-07-02 16:38:26
127,mcln9xo5t81bgfw4nm.ass,asymmetric,2025-07-02 16:38:34
128,mclnacenjw3v7p7mwv,symmetric,2025-07-02 16:38:38
129,mclnaehcjy2j1sbacr.eee,symmetric,2025-07-02 16:38:38
130,mcln9zaxd239xajjak.wee,asymmetric,2025-07-02 16:38:40
131,mclna9vjc53rjf7meg.3ll,asymmetric,2025-07-02 16:38:40
132,mcln9zhzfsqn5t376k.3ll,symmetric,2025-07-02 16:38:42
133,mclnantzqx2h8rjgam.sss,asymmetric,2025-07-02 16:38:47
134,mclnall7dzdygzumoi.3ll,symmetric,2025-07-02 16:38:48
135,mclnatp4jcgpq4hnoa.eee,symmetric,2025-07-02 16:38:55
136,mclnao57zgs713pemj.eee,asymmetric,2025-07-02 16:38:56
137,mclnamrgnfkuwif54u,symmetric,2025-07-02 16:39:00
138,mclnal6x0y53btq18j.777,asymmetric,2025-07-02 16:39:00
139,mclnavqq35eybp1xvz,symmetric,2025-07-02 16:39:01
140,mclnamxkgqjz4quvtv.sss,asymmetric,2025-07-02 16:39:02
141,mclnb237j2i7wnbmbs3,asymmetric,2025-07-02 16:39:08
142,mclnb9es89bcb1enfz,symmetric,2025-07-02 16:39:11
143,mclnb36wupm6oz324f.i,symmetric,2025-07-02 16:39:14
144,mclnbg8cgnvgvryl3d.ass,asymmetric,2025-07-02 16:39:23
145,mclnbjdzlo0264kv8y.3ll,symmetric,2025-07-02 16:39:25
146,mclnbah2fjesbxq42c.777,asymmetric,2025-07-02 16:39:26
147,mclnbnntty9d24j2hz.sss,asymmetric,2025-07-02 16:39:28
148,mclnbewrhhzphpc9db.sss,symmetric,2025-07-02 16:39:28
149,mclnb9ks0d6eet4r04,symmetric,2025-07-02 16:39:33
150,mclnbmojqk41p0tn2l,asymmetric,2025-07-02 16:39:33
151,mclnbk8iqxvqcn1qk8.lll,symmetric,2025-07-02 16:39:36
152,mclnbjnbdnsxk365tl.sss,asymmetric,2025-07-02 16:39:42
153,mclnbskcktx7zfb0ps.i,symmetric,2025-07-02 16:39:43
154,mclnaufv4act0uxzyz,asymmetric,2025-07-02 16:39:49
155,mclnboj993uko4i8wg.wee,asymmetric,2025-07-02 16:39:51
156,mclnbvvarwm0salkzx.sss,symmetric,2025-07-02 16:39:58
157,mclnbv4and882gh98q,symmetric,2025-07-02 16:40:01
158,mclnbjfii8q61r4pur.ass,asymmetric,2025-07-02 16:40:03
159,mclnc5k13y5h6xb29t.ass,asymmetric,2025-07-02 16:40:03
160,mclnca3grblvnut6p9.777,symmetric,2025-07-02 16:40:12
161,mclncm1luszxoo3uka.p77,symmetric,2025-07-02 16:40:16
162,mclnct0ngnftgawlpv.ass,asymmetric,2025-07-02 16:40:34
163,mclnd1qnl9snabc766,symmetric,2025-07-02 16:40:38
164,mclncw9jiiaqcj0fy3.sss,asymmetric,2025-07-02 16:40:38
165,mclnd6dtzytsyfh1q6,symmetric,2025-07-02 16:40:40
166,mclncpm2cci0cd3vp8y.ee,asymmetric,2025-07-02 16:40:51
167,mclncsw68y86dyh3wu.p77,symmetric,2025-07-02 16:40:51
168,mclndafuqa7pm5xn1i.wee,asymmetric,2025-07-02 16:40:52
169,mclncramut1rac356b,symmetric,2025-07-02 16:40:52
170,mclndk0flkvlbgpgun,asymmetric,2025-07-02 16:41:09
171,mclnbjss06tjhry4a3.i,asymmetric,2025-07-02 16:41:18
172,mclne5rq7aey1iecmo.i,symmetric,2025-07-02 16:41:30
173,mclncn9cnikcpb6irr.777,symmetric,2025-07-02 16:41:36
174,mclneqtpbcq144lby5.3ll,asymmetric,2025-07-02 16:42:05
175,mclne6s23zl4eencpb.ass,symmetric,2025-07-02 16:42:11
176,mclnfklrloomvoajvr,asymmetric,2025-07-02 16:42:38
177,mclnf61nxxfs2hhszf.eee,symmetric,2025-07-02 16:42:43
178,mclng77lh9kyndz0lp,asymmetric,2025-07-02 16:43:04
179,mclngfqok0z1b5gpjz.lll,symmetric,2025-07-02 16:43:24
180,mclnhac133co78a5yp,asymmetric,2025-07-02 16:44:00
181,mclnhpg0zl8l8kievk.ass,asymmetric,2025-07-02 16:44:19
182,mclninywxofe0g24vl,symmetric,2025-07-02 16:44:58
183,mclniw8tmb8nms1x5t.sss,symmetric,2025-07-02 16:45:27
184,mclnj85zbia36mnrok.777,asymmetric,2025-07-02 16:45:56
185,mclnka0s3q8i3hzb7q.777,asymmetric,2025-07-02 16:47:24
186,mclnmp0njjctosa2t9,symmetric,2025-07-02 16:48:07
187,mclno8m57qwge0r9id.ass,symmetric,2025-07-02 16:49:13
188,mclnrvzltrywxh6ry2.p77,asymmetric,2025-07-02 16:52:25
189,mclnsvr9a41h0ts5qa.777,asymmetric,2025-07-02 16:53:20
190,mclnupe9cnfgefllez6.ee,symmetric,2025-07-02 16:54:33
191,mclnv4bywkmk14jljd,symmetric,2025-07-02 16:54:34
192,mclnvqr5bhj8trxh7b.sss,asymmetric,2025-07-02 16:55:05
193,mclnxdwfdpg6d6vy5f6.ss,symmetric,2025-07-02 16:56:27
194,mclnxg12nslkx6s7x2.ass,asymmetric,2025-07-02 16:56:55
195,mclnyeyaa5eezdwtjm,asymmetric,2025-07-02 16:57:08
196,mclnyzpx7vklmacyud.ass,symmetric,2025-07-02 16:57:53
197,mclo0otcab0fp27vrv.lll,symmetric,2025-07-02 16:59:01
198,mclo4ivav2gwxlhpwc.000,asymmetric,2025-07-02 17:01:54
199,mclo5kvjtcbj13yygz.777,asymmetric,2025-07-02 17:03:05
200,mcloaebpimji2fsu2s,symmetric,2025-07-02 17:06:33
201,mclodkgijophefvlbd,asymmetric,2025-07-02 17:08:55
202,mclodv3ut2bst4qqi3.000,symmetric,2025-07-02 17:09:09
203,mcloe7cr6y10aoqd75.000,symmetric,2025-07-02 17:09:31
204,mclomq7keo3wh0bof8.000,asymmetric,2025-07-02 17:16:02
205,mclor9l6i406au8p2x.p77,symmetric,2025-07-02 17:19:50
206,mclox5fcxonyezd8ie,asymmetric,2025-07-02 17:24:11
207,mcloz0b3958shv9gma.i,asymmetric,2025-07-02 17:25:52
208,mclp7eg5qfvxk5fw7w,symmetric,2025-07-02 17:32:13
209,mclpg882lugv6xq36x.sss,symmetric,2025-07-02 17:39:33
210,mclphsh869xrwnbby6.ass,asymmetric,2025-07-02 17:40:40
211,mclpud99swp1cryx8x.wee,symmetric,2025-07-02 17:46:02
212,mclpy1vlpdfd13mxzw.sss,asymmetric,2025-07-02 17:53:33
213,mclqomhw2qmlitrxrqi.p7,asymmetric,2025-07-02 18:14:16
214,mclrlppp2nfokdtk4s,symmetric,2025-07-02 18:39:31
215,mcltqyjvrajhhop1ht.777,asymmetric,2025-07-02 19:39:27
