CS_threshold,UCS_threshold,実験タイプ,条件,クラスタ,n,CRT_mean,estimate_mean,P(E|C),P(C|E),ΔP,CS,UCS,pARIs,DFH,Dice
1.0,1.0,オンライン,非対称否定,クラスタ1,10,2.2,54.683,0.787,-0.598,-0.602,-0.391,-0.474,0.548,0.612,0.548
1.0,1.0,オンライン,非対称否定,クラスタ2,29,2.25,27.937,-0.91,0.757,0.938,0.619,0.691,0.164,-0.264,0.164
1.0,1.0,オンライン,対称否定,クラスタ1,14,2.286,49.75,-0.857,0.893,0.939,0.831,0.86,0.285,0.186,0.285
1.0,1.0,オンライン,対称否定,クラスタ2,24,2.478,22.708,-0.97,0.933,0.996,0.836,0.882,0.174,-0.014,0.174
1.0,1.0,サマリー,非対称否定,クラスタ1,2,2.5,64.75,0.42,-0.38,-0.598,-0.288,-0.337,-0.495,-0.101,-0.495
1.0,1.0,サマリー,非対称否定,クラスタ2,37,2.361,42.833,-0.851,0.8,0.959,0.72,0.773,0.442,0.059,0.442
1.0,1.0,サマリー,対称否定,クラスタ1,26,2.269,43.596,-0.973,0.898,0.989,0.781,0.846,0.147,-0.105,0.147
1.0,1.0,サマリー,対称否定,クラスタ2,6,1.167,41.889,-0.275,0.323,0.496,0.332,0.331,0.655,0.352,0.655
0.9,0.9,オンライン,非対称否定,クラスタ1,10,2.2,54.683,0.787,-0.598,-0.602,-0.332,-0.47,0.548,0.612,0.548
0.9,0.9,オンライン,非対称否定,クラスタ2,29,2.25,27.937,-0.91,0.757,0.938,0.544,0.686,0.164,-0.264,0.164
0.9,0.9,オンライン,対称否定,クラスタ1,14,2.286,49.75,-0.857,0.893,0.939,0.787,0.861,0.285,0.186,0.285
0.9,0.9,オンライン,対称否定,クラスタ2,24,2.478,22.708,-0.97,0.933,0.996,0.781,0.889,0.174,-0.014,0.174
0.9,0.9,サマリー,非対称否定,クラスタ1,2,2.5,64.75,0.42,-0.38,-0.598,-0.238,-0.328,-0.495,-0.101,-0.495
0.9,0.9,サマリー,非対称否定,クラスタ2,37,2.361,42.833,-0.851,0.8,0.959,0.666,0.769,0.442,0.059,0.442
0.9,0.9,サマリー,対称否定,クラスタ1,26,2.269,43.596,-0.973,0.898,0.989,0.722,0.836,0.147,-0.105,0.147
0.9,0.9,サマリー,対称否定,クラスタ2,6,1.167,41.889,-0.275,0.323,0.496,0.294,0.327,0.655,0.352,0.655
0.8,0.8,オンライン,非対称否定,クラスタ1,10,2.2,54.683,0.787,-0.598,-0.602,-0.208,-0.458,0.548,0.612,0.548
0.8,0.8,オンライン,非対称否定,クラスタ2,29,2.25,27.937,-0.91,0.757,0.938,0.405,0.68,0.164,-0.264,0.164
0.8,0.8,オンライン,対称否定,クラスタ1,14,2.286,49.75,-0.857,0.893,0.939,0.716,0.857,0.285,0.186,0.285
0.8,0.8,オンライン,対称否定,クラスタ2,24,2.478,22.708,-0.97,0.933,0.996,0.674,0.875,0.174,-0.014,0.174
0.8,0.8,サマリー,非対称否定,クラスタ1,2,2.5,64.75,0.42,-0.38,-0.598,-0.179,-0.323,-0.495,-0.101,-0.495
0.8,0.8,サマリー,非対称否定,クラスタ2,37,2.361,42.833,-0.851,0.8,0.959,0.556,0.76,0.442,0.059,0.442
0.8,0.8,サマリー,対称否定,クラスタ1,26,2.269,43.596,-0.973,0.898,0.989,0.599,0.831,0.147,-0.105,0.147
0.8,0.8,サマリー,対称否定,クラスタ2,6,1.167,41.889,-0.275,0.323,0.496,0.28,0.332,0.655,0.352,0.655
0.7,0.7,オンライン,非対称否定,クラスタ1,10,2.2,54.683,0.787,-0.598,-0.602,-0.001,-0.447,0.548,0.612,0.548
0.7,0.7,オンライン,非対称否定,クラスタ2,29,2.25,27.937,-0.91,0.757,0.938,0.186,0.66,0.164,-0.264,0.164
0.7,0.7,オンライン,対称否定,クラスタ1,14,2.286,49.75,-0.857,0.893,0.939,0.577,0.852,0.285,0.186,0.285
0.7,0.7,オンライン,対称否定,クラスタ2,24,2.478,22.708,-0.97,0.933,0.996,0.485,0.865,0.174,-0.014,0.174
0.7,0.7,サマリー,非対称否定,クラスタ1,2,2.5,64.75,0.42,-0.38,-0.598,-0.081,-0.314,-0.495,-0.101,-0.495
0.7,0.7,サマリー,非対称否定,クラスタ2,37,2.361,42.833,-0.851,0.8,0.959,0.373,0.753,0.442,0.059,0.442
0.7,0.7,サマリー,対称否定,クラスタ1,26,2.269,43.596,-0.973,0.898,0.989,0.4,0.818,0.147,-0.105,0.147
0.7,0.7,サマリー,対称否定,クラスタ2,6,1.167,41.889,-0.275,0.323,0.496,0.252,0.337,0.655,0.352,0.655
0.6,0.6,オンライン,非対称否定,クラスタ1,10,2.2,54.683,0.787,-0.598,-0.602,0.279,-0.396,0.548,0.612,0.548
0.6,0.6,オンライン,非対称否定,クラスタ2,29,2.25,27.937,-0.91,0.757,0.938,-0.11,0.64,0.164,-0.264,0.164
0.6,0.6,オンライン,対称否定,クラスタ1,14,2.286,49.75,-0.857,0.893,0.939,0.354,0.846,0.285,0.186,0.285
0.6,0.6,オンライン,対称否定,クラスタ2,24,2.478,22.708,-0.97,0.933,0.996,0.195,0.849,0.174,-0.014,0.174
0.6,0.6,サマリー,非対称否定,クラスタ1,2,2.5,64.75,0.42,-0.38,-0.598,0.033,-0.326,-0.495,-0.101,-0.495
0.6,0.6,サマリー,非対称否定,クラスタ2,37,2.361,42.833,-0.851,0.8,0.959,0.125,0.745,0.442,0.059,0.442
0.6,0.6,サマリー,対称否定,クラスタ1,26,2.269,43.596,-0.973,0.898,0.989,0.104,0.803,0.147,-0.105,0.147
0.6,0.6,サマリー,対称否定,クラスタ2,6,1.167,41.889,-0.275,0.323,0.496,0.201,0.355,0.655,0.352,0.655
0.5,0.5,オンライン,非対称否定,クラスタ1,10,2.2,54.683,0.787,-0.598,-0.602,0.555,-0.339,0.548,0.612,0.548
0.5,0.5,オンライン,非対称否定,クラスタ2,29,2.25,27.937,-0.91,0.757,0.938,-0.418,0.629,0.164,-0.264,0.164
0.5,0.5,オンライン,対称否定,クラスタ1,14,2.286,49.75,-0.857,0.893,0.939,0.047,0.849,0.285,0.186,0.285
0.5,0.5,オンライン,対称否定,クラスタ2,24,2.478,22.708,-0.97,0.933,0.996,-0.162,0.839,0.174,-0.014,0.174
0.5,0.5,サマリー,非対称否定,クラスタ1,2,2.5,64.75,0.42,-0.38,-0.598,0.143,-0.351,-0.495,-0.101,-0.495
0.5,0.5,サマリー,非対称否定,クラスタ2,37,2.361,42.833,-0.851,0.8,0.959,-0.184,0.756,0.442,0.059,0.442
0.5,0.5,サマリー,対称否定,クラスタ1,26,2.269,43.596,-0.973,0.898,0.989,-0.243,0.784,0.147,-0.105,0.147
0.5,0.5,サマリー,対称否定,クラスタ2,6,1.167,41.889,-0.275,0.323,0.496,0.14,0.392,0.655,0.352,0.655
0.4,0.4,オンライン,非対称否定,クラスタ1,10,2.2,54.683,0.787,-0.598,-0.602,0.808,-0.217,0.548,0.612,0.548
0.4,0.4,オンライン,非対称否定,クラスタ2,29,2.25,27.937,-0.91,0.757,0.938,-0.7,0.611,0.164,-0.264,0.164
0.4,0.4,オンライン,対称否定,クラスタ1,14,2.286,49.75,-0.857,0.893,0.939,-0.27,0.846,0.285,0.186,0.285
0.4,0.4,オンライン,対称否定,クラスタ2,24,2.478,22.708,-0.97,0.933,0.996,-0.506,0.821,0.174,-0.014,0.174
0.4,0.4,サマリー,非対称否定,クラスタ1,2,2.5,64.75,0.42,-0.38,-0.598,0.226,-0.431,-0.495,-0.101,-0.495
0.4,0.4,サマリー,非対称否定,クラスタ2,37,2.361,42.833,-0.851,0.8,0.959,-0.464,0.791,0.442,0.059,0.442
0.4,0.4,サマリー,対称否定,クラスタ1,26,2.269,43.596,-0.973,0.898,0.989,-0.593,0.76,0.147,-0.105,0.147
0.4,0.4,サマリー,対称否定,クラスタ2,6,1.167,41.889,-0.275,0.323,0.496,0.054,0.489,0.655,0.352,0.655
0.3,0.3,オンライン,非対称否定,クラスタ1,10,2.2,54.683,0.787,-0.598,-0.602,0.92,0.017,0.548,0.612,0.548
0.3,0.3,オンライン,非対称否定,クラスタ2,29,2.25,27.937,-0.91,0.757,0.938,-0.827,0.542,0.164,-0.264,0.164
0.3,0.3,オンライン,対称否定,クラスタ1,14,2.286,49.75,-0.857,0.893,0.939,-0.513,0.779,0.285,0.186,0.285
0.3,0.3,オンライン,対称否定,クラスタ2,24,2.478,22.708,-0.97,0.933,0.996,-0.736,0.73,0.174,-0.014,0.174
0.3,0.3,サマリー,非対称否定,クラスタ1,2,2.5,64.75,0.42,-0.38,-0.598,0.255,-0.516,-0.495,-0.101,-0.495
0.3,0.3,サマリー,非対称否定,クラスタ2,37,2.361,42.833,-0.851,0.8,0.959,-0.621,0.793,0.442,0.059,0.442
0.3,0.3,サマリー,対称否定,クラスタ1,26,2.269,43.596,-0.973,0.898,0.989,-0.791,0.676,0.147,-0.105,0.147
0.3,0.3,サマリー,対称否定,クラスタ2,6,1.167,41.889,-0.275,0.323,0.496,0.005,0.616,0.655,0.352,0.655
0.2,0.2,オンライン,非対称否定,クラスタ1,10,2.2,54.683,0.787,-0.598,-0.602,0.943,0.276,0.548,0.612,0.548
0.2,0.2,オンライン,非対称否定,クラスタ2,29,2.25,27.937,-0.91,0.757,0.938,-0.847,0.41,0.164,-0.264,0.164
0.2,0.2,オンライン,対称否定,クラスタ1,14,2.286,49.75,-0.857,0.893,0.939,-0.607,0.594,0.285,0.186,0.285
0.2,0.2,オンライン,対称否定,クラスタ2,24,2.478,22.708,-0.97,0.933,0.996,-0.812,0.512,0.174,-0.014,0.174
0.2,0.2,サマリー,非対称否定,クラスタ1,2,2.5,64.75,0.42,-0.38,-0.598,0.239,-0.55,-0.495,-0.101,-0.495
0.2,0.2,サマリー,非対称否定,クラスタ2,37,2.361,42.833,-0.851,0.8,0.959,-0.666,0.676,0.442,0.059,0.442
0.2,0.2,サマリー,対称否定,クラスタ1,26,2.269,43.596,-0.973,0.898,0.989,-0.855,0.443,0.147,-0.105,0.147
0.2,0.2,サマリー,対称否定,クラスタ2,6,1.167,41.889,-0.275,0.323,0.496,-0.006,0.693,0.655,0.352,0.655
0.1,0.1,オンライン,非対称否定,クラスタ1,10,2.2,54.683,0.787,-0.598,-0.602,0.951,0.468,0.548,0.612,0.548
0.1,0.1,オンライン,非対称否定,クラスタ2,29,2.25,27.937,-0.91,0.757,0.938,-0.802,0.249,0.164,-0.264,0.164
0.1,0.1,オンライン,対称否定,クラスタ1,14,2.286,49.75,-0.857,0.893,0.939,-0.62,0.407,0.285,0.186,0.285
0.1,0.1,オンライン,対称否定,クラスタ2,24,2.478,22.708,-0.97,0.933,0.996,-0.809,0.301,0.174,-0.014,0.174
0.1,0.1,サマリー,非対称否定,クラスタ1,2,2.5,64.75,0.42,-0.38,-0.598,0.178,-0.531,-0.495,-0.101,-0.495
0.1,0.1,サマリー,非対称否定,クラスタ2,37,2.361,42.833,-0.851,0.8,0.959,-0.622,0.541,0.442,0.059,0.442
0.1,0.1,サマリー,対称否定,クラスタ1,26,2.269,43.596,-0.973,0.898,0.989,-0.841,0.255,0.147,-0.105,0.147
0.1,0.1,サマリー,対称否定,クラスタ2,6,1.167,41.889,-0.275,0.323,0.496,0.028,0.677,0.655,0.352,0.655
0.01,0.01,オンライン,非対称否定,クラスタ1,10,2.2,54.683,0.787,-0.598,-0.602,0.957,0.554,0.548,0.612,0.548
0.01,0.01,オンライン,非対称否定,クラスタ2,29,2.25,27.937,-0.91,0.757,0.938,-0.625,0.157,0.164,-0.264,0.164
0.01,0.01,オンライン,対称否定,クラスタ1,14,2.286,49.75,-0.857,0.893,0.939,-0.469,0.284,0.285,0.186,0.285
0.01,0.01,オンライン,対称否定,クラスタ2,24,2.478,22.708,-0.97,0.933,0.996,-0.65,0.168,0.174,-0.014,0.174
0.01,0.01,サマリー,非対称否定,クラスタ1,2,2.5,64.75,0.42,-0.38,-0.598,0.003,-0.487,-0.495,-0.101,-0.495
0.01,0.01,サマリー,非対称否定,クラスタ2,37,2.361,42.833,-0.851,0.8,0.959,-0.4,0.433,0.442,0.059,0.442
0.01,0.01,サマリー,対称否定,クラスタ1,26,2.269,43.596,-0.973,0.898,0.989,-0.677,0.151,0.147,-0.105,0.147
0.01,0.01,サマリー,対称否定,クラスタ2,6,1.167,41.889,-0.275,0.323,0.496,0.206,0.654,0.655,0.352,0.655
