CS_threshold,UCS_threshold,実験タイプ,条件,CRT_mean,estimate_mean,P(E|C)_pearson,P(E|C)_spearman,P(C|E)_pearson,P(C|E)_spearman,ΔP_pearson,ΔP_spearman,CS_pearson,CS_spearman,UCS_pearson,UCS_spearman,pARIs_pearson,pARIs_spearman,DFH_pearson,DFH_spearman,Dice_pearson,Dice_spearman,CS_diff_pearson,CS_diff_spearman,UCS_diff_pearson,UCS_diff_spearman,CS_ratio_pearson,CS_ratio_spearman,UCS_ratio_pearson,UCS_ratio_spearman,CS_single_pearson,CS_single_spearman,UCS_single_pearson,UCS_single_spearman
1,1,オンライン,非対称否定,2.278,34.005,-0.802,-0.638,0.666,0.696,0.892,0.771,0.563,0.6,0.612,0.771,0.359,0.293,-0.154,-0.147,0.359,0.293,,,,,,,,,,,,
1,1,オンライン,対称否定,2.405,32.671,-0.935,-0.928,0.933,0.986,0.989,0.943,0.852,0.886,0.89,0.943,0.233,0.098,0.085,0.029,0.233,0.098,0.951,0.943,0.946,1,-0.641,-0.429,-0.639,-0.429,,,,
1,1,サマリー,非対称否定,2.368,43.957,-0.858,-0.696,0.807,0.899,0.963,0.943,0.733,0.886,0.772,0.943,0.435,0.488,0.057,0.059,0.435,0.488,,,,,,,,,,,,
1,1,サマリー,対称否定,2.032,42.892,-0.954,-0.87,0.888,0.986,0.996,1,0.783,0.943,0.839,1,0.225,0.293,-0.055,0.147,0.225,0.293,0.898,1,0.89,1,-0.772,-0.486,-0.787,-0.486,,,,
0.9,0.9,オンライン,非対称否定,2.278,34.005,-0.802,-0.638,0.666,0.696,0.892,0.771,0.486,0.371,0.627,0.771,0.359,0.293,-0.154,-0.147,0.359,0.293,,,,,,,,,,,,
0.9,0.9,オンライン,対称否定,2.405,32.671,-0.935,-0.928,0.933,0.986,0.989,0.943,0.798,0.771,0.9,0.943,0.233,0.098,0.085,0.029,0.233,0.098,0.941,0.886,0.95,0.943,-0.59,-0.429,-0.616,-0.429,,,,
0.9,0.9,サマリー,非対称否定,2.368,43.957,-0.858,-0.696,0.807,0.899,0.963,0.943,0.669,0.771,0.782,0.943,0.435,0.488,0.057,0.059,0.435,0.488,,,,,,,,,,,,
0.9,0.9,サマリー,対称否定,2.032,42.892,-0.954,-0.87,0.888,0.986,0.996,1,0.721,0.829,0.846,1,0.225,0.293,-0.055,0.147,0.225,0.293,0.866,0.943,0.899,1,-0.732,-0.486,-0.748,-0.486,,,,
0.8,0.8,オンライン,非対称否定,2.278,34.005,-0.802,-0.638,0.666,0.696,0.892,0.771,0.366,0.257,0.646,0.771,0.359,0.293,-0.154,-0.147,0.359,0.293,,,,,,,,,,,,
0.8,0.8,オンライン,対称否定,2.405,32.671,-0.935,-0.928,0.933,0.986,0.989,0.943,0.708,0.657,0.906,0.943,0.233,0.098,0.085,0.029,0.233,0.098,0.933,0.771,0.974,0.943,-0.578,-0.429,-0.603,-0.429,,,,
0.8,0.8,サマリー,非対称否定,2.368,43.957,-0.858,-0.696,0.807,0.899,0.963,0.943,0.562,0.6,0.797,0.943,0.435,0.488,0.057,0.059,0.435,0.488,,,,,,,,,,,,
0.8,0.8,サマリー,対称否定,2.032,42.892,-0.954,-0.87,0.888,0.986,0.996,1,0.606,0.714,0.86,1,0.225,0.293,-0.055,0.147,0.225,0.293,0.846,0.829,0.91,1,-0.723,-0.486,-0.751,-0.486,,,,
0.7,0.7,オンライン,非対称否定,2.278,34.005,-0.802,-0.638,0.666,0.696,0.892,0.771,0.167,0.086,0.673,0.771,0.359,0.293,-0.154,-0.147,0.359,0.293,,,,,,,,,,,,
0.7,0.7,オンライン,対称否定,2.405,32.671,-0.935,-0.928,0.933,0.986,0.989,0.943,0.542,0.486,0.918,0.943,0.233,0.098,0.085,0.029,0.233,0.098,0.926,0.771,0.981,0.943,-0.55,-0.429,-0.594,-0.429,,,,
0.7,0.7,サマリー,非対称否定,2.368,43.957,-0.858,-0.696,0.807,0.899,0.963,0.943,0.385,0.371,0.82,0.943,0.435,0.488,0.057,0.059,0.435,0.488,,,,,,,,,,,,
0.7,0.7,サマリー,対称否定,2.032,42.892,-0.954,-0.87,0.888,0.986,0.996,1,0.41,0.543,0.878,1,0.225,0.293,-0.055,0.147,0.225,0.293,0.839,0.829,0.928,1,-0.708,-0.486,-0.738,-0.486,,,,
0.6,0.6,オンライン,非対称否定,2.278,34.005,-0.802,-0.638,0.666,0.696,0.892,0.771,-0.081,0.086,0.714,0.771,0.359,0.293,-0.154,-0.147,0.359,0.293,,,,,,,,,,,,
0.6,0.6,オンライン,対称否定,2.405,32.671,-0.935,-0.928,0.933,0.986,0.989,0.943,0.28,0.486,0.935,0.943,0.233,0.098,0.085,0.029,0.233,0.098,0.924,0.886,0.988,0.943,-0.491,-0.429,-0.587,-0.429,,,,
0.6,0.6,サマリー,非対称否定,2.368,43.957,-0.858,-0.696,0.807,0.899,0.963,0.943,0.126,0.371,0.853,0.943,0.435,0.488,0.057,0.059,0.435,0.488,,,,,,,,,,,,
0.6,0.6,サマリー,対称否定,2.032,42.892,-0.954,-0.87,0.888,0.986,0.996,1,0.128,0.543,0.905,1,0.225,0.293,-0.055,0.147,0.225,0.293,0.857,0.943,0.935,1,-0.66,-0.486,-0.74,-0.486,,,,
0.5,0.5,オンライン,非対称否定,2.278,34.005,-0.802,-0.638,0.666,0.696,0.892,0.771,-0.363,-0.314,0.761,0.771,0.359,0.293,-0.154,-0.147,0.359,0.293,,,,,,,,,,,,
0.5,0.5,オンライン,対称否定,2.405,32.671,-0.935,-0.928,0.933,0.986,0.989,0.943,-0.051,-0.2,0.947,0.943,0.233,0.098,0.085,0.029,0.233,0.098,0.917,0.886,0.989,0.943,-0.411,-0.429,-0.589,-0.429,,,,
0.5,0.5,サマリー,非対称否定,2.368,43.957,-0.858,-0.696,0.807,0.899,0.963,0.943,-0.183,-0.143,0.888,0.943,0.435,0.488,0.057,0.059,0.435,0.488,,,,,,,,,,,,
0.5,0.5,サマリー,対称否定,2.032,42.892,-0.954,-0.87,0.888,0.986,0.996,1,-0.229,-0.086,0.931,1,0.225,0.293,-0.055,0.147,0.225,0.293,0.877,0.943,0.941,1,-0.585,-0.486,-0.737,-0.486,,,,
0.4,0.4,オンライン,非対称否定,2.278,34.005,-0.802,-0.638,0.666,0.696,0.892,0.771,-0.59,-0.6,0.781,0.771,0.359,0.293,-0.154,-0.147,0.359,0.293,,,,,,,,,,,,
0.4,0.4,オンライン,対称否定,2.405,32.671,-0.935,-0.928,0.933,0.986,0.989,0.943,-0.399,-0.429,0.954,0.943,0.233,0.098,0.085,0.029,0.233,0.098,0.916,0.829,0.982,0.943,-0.303,-0.371,-0.59,-0.429,,,,
0.4,0.4,サマリー,非対称否定,2.368,43.957,-0.858,-0.696,0.807,0.899,0.963,0.943,-0.465,-0.429,0.902,0.943,0.435,0.488,0.057,0.059,0.435,0.488,,,,,,,,,,,,
0.4,0.4,サマリー,対称否定,2.032,42.892,-0.954,-0.87,0.888,0.986,0.996,1,-0.547,-0.371,0.945,1,0.225,0.293,-0.055,0.147,0.225,0.293,0.904,0.943,0.947,1,-0.479,-0.429,-0.718,-0.486,,,,
0.3,0.3,オンライン,非対称否定,2.278,34.005,-0.802,-0.638,0.666,0.696,0.892,0.771,-0.69,-0.543,0.786,0.771,0.359,0.293,-0.154,-0.147,0.359,0.293,,,,,,,,,,,,
0.3,0.3,オンライン,対称否定,2.405,32.671,-0.935,-0.928,0.933,0.986,0.989,0.943,-0.634,-0.543,0.952,0.943,0.233,0.098,0.085,0.029,0.233,0.098,0.923,0.829,0.985,0.943,-0.071,-0.371,-0.537,-0.429,,,,
0.3,0.3,サマリー,非対称否定,2.368,43.957,-0.858,-0.696,0.807,0.899,0.963,0.943,-0.633,-0.371,0.899,0.943,0.435,0.488,0.057,0.059,0.435,0.488,,,,,,,,,,,,
0.3,0.3,サマリー,対称否定,2.032,42.892,-0.954,-0.87,0.888,0.986,0.996,1,-0.747,-0.429,0.949,1,0.225,0.293,-0.055,0.147,0.225,0.293,0.934,0.943,0.944,1,-0.207,-0.429,-0.671,-0.486,,,,
0.2,0.2,オンライン,非対称否定,2.278,34.005,-0.802,-0.638,0.666,0.696,0.892,0.771,-0.693,-0.543,0.789,0.771,0.359,0.293,-0.154,-0.147,0.359,0.293,,,,,,,,,,,,
0.2,0.2,オンライン,対称否定,2.405,32.671,-0.935,-0.928,0.933,0.986,0.989,0.943,-0.733,-0.771,0.959,0.943,0.233,0.098,0.085,0.029,0.233,0.098,0.945,0.829,0.987,0.943,0.005,-0.371,-0.402,-0.543,,,,
0.2,0.2,サマリー,非対称否定,2.368,43.957,-0.858,-0.696,0.807,0.899,0.963,0.943,-0.674,-0.486,0.909,0.943,0.435,0.488,0.057,0.059,0.435,0.488,,,,,,,,,,,,
0.2,0.2,サマリー,対称否定,2.032,42.892,-0.954,-0.87,0.888,0.986,0.996,1,-0.811,-0.657,0.948,1,0.225,0.293,-0.055,0.147,0.225,0.293,0.964,0.943,0.944,1,0.166,-0.429,-0.534,-0.486,,,,
0.1,0.1,オンライン,非対称否定,2.278,34.005,-0.802,-0.638,0.666,0.696,0.892,0.771,-0.636,-0.543,0.804,0.6,0.359,0.293,-0.154,-0.147,0.359,0.293,,,,,,,,,,,,
0.1,0.1,オンライン,対称否定,2.405,32.671,-0.935,-0.928,0.933,0.986,0.989,0.943,-0.739,-0.771,0.908,0.886,0.233,0.098,0.085,0.029,0.233,0.098,0.968,0.829,0.954,0.886,-0.364,-0.371,0.166,-0.029,,,,
0.1,0.1,サマリー,非対称否定,2.368,43.957,-0.858,-0.696,0.807,0.899,0.963,0.943,-0.636,-0.486,0.893,0.943,0.435,0.488,0.057,0.059,0.435,0.488,,,,,,,,,,,,
0.1,0.1,サマリー,対称否定,2.032,42.892,-0.954,-0.87,0.888,0.986,0.996,1,-0.791,-0.657,0.835,0.943,0.225,0.293,-0.055,0.147,0.225,0.293,0.987,0.943,0.912,0.943,-0.209,-0.429,0.294,-0.2,,,,
0.01,0.01,オンライン,非対称否定,2.278,34.005,-0.802,-0.638,0.666,0.696,0.892,0.771,-0.423,-0.543,0.037,-0.486,0.359,0.293,-0.154,-0.147,0.359,0.293,,,,,,,,,,,,
0.01,0.01,オンライン,対称否定,2.405,32.671,-0.935,-0.928,0.933,0.986,0.989,0.943,-0.571,-0.771,-0.819,-0.943,0.233,0.098,0.085,0.029,0.233,0.098,0.984,0.943,0.641,0.371,-0.676,-0.371,0.068,-0.2,,,,
0.01,0.01,サマリー,非対称否定,2.368,43.957,-0.858,-0.696,0.807,0.899,0.963,0.943,-0.416,-0.486,-0.354,-0.371,0.435,0.488,0.057,0.059,0.435,0.488,,,,,,,,,,,,
0.01,0.01,サマリー,対称否定,2.032,42.892,-0.954,-0.87,0.888,0.986,0.996,1,-0.61,-0.657,0.614,0.543,0.225,0.293,-0.055,0.147,0.225,0.293,0.99,1,0.619,0.486,-0.563,-0.429,0.175,-0.143,,,,
