CS_threshold,UCS_threshold,実験タイプ,条件,クラスタ,n,CRT_mean,estimate_mean,P(E|C)_pearson,P(E|C)_spearman,P(C|E)_pearson,P(C|E)_spearman,ΔP_pearson,ΔP_spearman,CS_pearson,CS_spearman,UCS_pearson,UCS_spearman,pARIs_pearson,pARIs_spearman,DFH_pearson,DFH_spearman,Dice_pearson,Dice_spearman,CS_diff_pearson,CS_diff_spearman,UCS_diff_pearson,UCS_diff_spearman,CS_ratio_pearson,CS_ratio_spearman,UCS_ratio_pearson,UCS_ratio_spearman,CS_single_pearson,CS_single_spearman,UCS_single_pearson,UCS_single_spearman
1,1,オンライン,非対称否定,クラスタ1,10,2.2,54.683,0.787,0.812,-0.598,-0.638,-0.602,-0.543,-0.392,-0.314,-0.465,-0.543,0.548,0.488,0.612,0.618,0.548,0.488,,,,,,,,,,,,
1,1,オンライン,非対称否定,クラスタ2,26,2.308,26.051,-0.89,-0.638,0.726,0.696,0.924,0.771,0.584,0.6,0.595,0.771,0.181,0.293,-0.282,-0.147,0.181,0.293,,,,,,,,,,,,
1,1,オンライン,対称否定,クラスタ1,14,2.286,49.75,-0.857,-0.928,0.893,0.986,0.939,0.943,0.832,0.886,0.818,0.943,0.285,0.098,0.186,0.029,0.285,0.098,-0.906,-1,-0.426,-0.6,0.557,0.371,-0.329,-0.314,-0.839,-0.886,-0.773,-0.829
1,1,オンライン,対称否定,クラスタ2,24,2.478,22.708,-0.97,-0.87,0.933,0.986,0.996,1,0.837,0.943,0.848,1,0.174,0.293,-0.014,0.147,0.174,0.293,-0.985,-0.943,-0.59,-0.543,0.816,0.429,-0.004,-0.257,-0.966,-0.829,-0.944,-0.886
1,1,サマリー,非対称否定,クラスタ1,2,2.5,64.75,0.42,-0.074,-0.38,-0.147,-0.598,-0.087,-0.29,-0.232,-0.25,-0.087,-0.495,-0.495,-0.101,0.045,-0.495,-0.495,,,,,,,,,,,,
1,1,サマリー,非対称否定,クラスタ2,37,2.361,42.833,-0.851,-0.696,0.8,0.899,0.959,0.943,0.724,0.886,0.711,0.943,0.442,0.488,0.059,0.059,0.442,0.488,,,,,,,,,,,,
1,1,サマリー,対称否定,クラスタ1,4,0.25,43,-0.15,0.116,0.187,0.174,0.372,0.257,0.204,0.429,0.141,0.257,0.64,0.878,0.323,0.5,0.64,0.878,-0.315,-0.086,-0.42,-0.429,-0.09,-0.086,0.198,0.086,-0.125,0.257,-0.124,0.086
1,1,サマリー,対称否定,クラスタ2,27,2.296,42.877,-0.971,-0.87,0.899,0.986,0.989,1,0.789,0.943,0.802,1,0.158,0.293,-0.095,0.147,0.158,0.293,-0.988,-0.943,-0.612,-0.771,0.869,0.429,-0.415,-0.257,-0.972,-0.829,-0.968,-0.886
0.9,0.9,オンライン,非対称否定,クラスタ1,10,2.2,54.683,0.787,0.812,-0.598,-0.638,-0.602,-0.543,-0.337,-0.143,-0.486,-0.543,0.548,0.488,0.612,0.618,0.548,0.488,,,,,,,,,,,,
0.9,0.9,オンライン,非対称否定,クラスタ2,26,2.308,26.051,-0.89,-0.638,0.726,0.696,0.924,0.771,0.505,0.371,0.626,0.771,0.181,0.293,-0.282,-0.147,0.181,0.293,,,,,,,,,,,,
0.9,0.9,オンライン,対称否定,クラスタ1,14,2.286,49.75,-0.857,-0.928,0.893,0.986,0.939,0.943,0.787,0.771,0.835,0.943,0.285,0.098,0.186,0.029,0.285,0.098,-0.849,-0.943,0.883,0.943,0.628,0.371,-0.659,-0.714,-0.808,-0.886,-0.763,-0.829
0.9,0.9,オンライン,対称否定,クラスタ2,24,2.478,22.708,-0.97,-0.87,0.933,0.986,0.996,1,0.782,0.829,0.872,1,0.174,0.293,-0.014,0.147,0.174,0.293,-0.975,-0.886,0.974,1,0.853,0.429,-0.876,-0.771,-0.958,-0.829,-0.94,-0.886
0.9,0.9,サマリー,非対称否定,クラスタ1,2,2.5,64.75,0.42,-0.074,-0.38,-0.147,-0.598,-0.087,-0.237,-0.116,-0.278,-0.087,-0.495,-0.495,-0.101,0.045,-0.495,-0.495,,,,,,,,,,,,
0.9,0.9,サマリー,非対称否定,クラスタ2,37,2.361,42.833,-0.851,-0.696,0.8,0.899,0.959,0.943,0.662,0.771,0.742,0.943,0.442,0.488,0.059,0.059,0.442,0.488,,,,,,,,,,,,
0.9,0.9,サマリー,対称否定,クラスタ1,4,0.25,43,-0.15,0.116,0.187,0.174,0.372,0.257,0.173,0.314,0.152,0.257,0.64,0.878,0.323,0.5,0.64,0.878,-0.209,-0.029,0.209,0.086,0.033,-0.029,-0.18,-0.257,-0.102,0.257,-0.095,0.086
0.9,0.9,サマリー,対称否定,クラスタ2,27,2.296,42.877,-0.971,-0.87,0.899,0.986,0.989,1,0.728,0.829,0.828,1,0.158,0.293,-0.095,0.147,0.158,0.293,-0.987,-0.886,0.963,0.943,0.906,0.486,-0.921,-0.6,-0.971,-0.829,-0.965,-0.886
0.8,0.8,オンライン,非対称否定,クラスタ1,10,2.2,54.683,0.787,0.812,-0.598,-0.638,-0.602,-0.543,-0.214,0.029,-0.507,-0.543,0.548,0.488,0.612,0.618,0.548,0.488,,,,,,,,,,,,
0.8,0.8,オンライン,非対称否定,クラスタ2,26,2.308,26.051,-0.89,-0.638,0.726,0.696,0.924,0.771,0.366,0.257,0.653,0.771,0.181,0.293,-0.282,-0.147,0.181,0.293,,,,,,,,,,,,
0.8,0.8,オンライン,対称否定,クラスタ1,14,2.286,49.75,-0.857,-0.928,0.893,0.986,0.939,0.943,0.715,0.657,0.838,0.943,0.285,0.098,0.186,0.029,0.285,0.098,-0.824,-0.886,0.863,0.943,0.617,0.371,-0.454,-0.429,-0.793,-0.886,-0.762,-0.829
0.8,0.8,オンライン,対称否定,クラスタ2,24,2.478,22.708,-0.97,-0.87,0.933,0.986,0.996,1,0.674,0.714,0.884,1,0.174,0.293,-0.014,0.147,0.174,0.293,-0.967,-0.829,0.936,0.886,0.835,0.429,-0.727,-0.486,-0.953,-0.829,-0.94,-0.886
0.8,0.8,サマリー,非対称否定,クラスタ1,2,2.5,64.75,0.42,-0.074,-0.38,-0.147,-0.598,-0.087,-0.177,-0.116,-0.283,-0.087,-0.495,-0.495,-0.101,0.045,-0.495,-0.495,,,,,,,,,,,,
0.8,0.8,サマリー,非対称否定,クラスタ2,37,2.361,42.833,-0.851,-0.696,0.8,0.899,0.959,0.943,0.556,0.6,0.757,0.943,0.442,0.488,0.059,0.059,0.442,0.488,,,,,,,,,,,,
0.8,0.8,サマリー,対称否定,クラスタ1,4,0.25,43,-0.15,0.116,0.187,0.174,0.372,0.257,0.165,0.429,0.149,0.257,0.64,0.878,0.323,0.5,0.64,0.878,-0.164,-0.029,0.082,-0.2,0.054,-0.086,0.114,0.029,-0.094,0.257,-0.081,0.086
0.8,0.8,サマリー,対称否定,クラスタ2,27,2.296,42.877,-0.971,-0.87,0.899,0.986,0.989,1,0.61,0.714,0.848,1,0.158,0.293,-0.095,0.147,0.158,0.293,-0.983,-0.886,0.908,0.886,0.885,0.429,-0.814,-0.486,-0.97,-0.829,-0.965,-0.886
0.7,0.7,オンライン,非対称否定,クラスタ1,10,2.2,54.683,0.787,0.812,-0.598,-0.638,-0.602,-0.543,-0.012,0.143,-0.519,-0.543,0.548,0.488,0.612,0.618,0.548,0.488,,,,,,,,,,,,
0.7,0.7,オンライン,非対称否定,クラスタ2,26,2.308,26.051,-0.89,-0.638,0.726,0.696,0.924,0.771,0.154,0.086,0.674,0.771,0.181,0.293,-0.282,-0.147,0.181,0.293,,,,,,,,,,,,
0.7,0.7,オンライン,対称否定,クラスタ1,14,2.286,49.75,-0.857,-0.928,0.893,0.986,0.939,0.943,0.578,0.486,0.847,0.943,0.285,0.098,0.186,0.029,0.285,0.098,-0.817,-0.886,0.841,0.886,0.496,0.371,-0.331,-0.429,-0.79,-0.886,-0.764,-0.829
0.7,0.7,オンライン,対称否定,クラスタ2,24,2.478,22.708,-0.97,-0.87,0.933,0.986,0.996,1,0.484,0.543,0.901,1,0.174,0.293,-0.014,0.147,0.174,0.293,-0.965,-0.829,0.939,0.943,0.709,0.429,-0.641,-0.486,-0.951,-0.829,-0.941,-0.886
0.7,0.7,サマリー,非対称否定,クラスタ1,2,2.5,64.75,0.42,-0.074,-0.38,-0.147,-0.598,-0.087,-0.089,0.145,-0.308,-0.087,-0.495,-0.495,-0.101,0.045,-0.495,-0.495,,,,,,,,,,,,
0.7,0.7,サマリー,非対称否定,クラスタ2,37,2.361,42.833,-0.851,-0.696,0.8,0.899,0.959,0.943,0.381,0.371,0.784,0.943,0.442,0.488,0.059,0.059,0.442,0.488,,,,,,,,,,,,
0.7,0.7,サマリー,対称否定,クラスタ1,4,0.25,43,-0.15,0.116,0.187,0.174,0.372,0.257,0.156,0.257,0.156,0.257,0.64,0.878,0.323,0.5,0.64,0.878,-0.131,0.257,0.037,-0.029,0.068,-0.086,0.28,0.086,-0.075,0.257,-0.061,0.257
0.7,0.7,サマリー,対称否定,クラスタ2,27,2.296,42.877,-0.971,-0.87,0.899,0.986,0.989,1,0.405,0.543,0.864,1,0.158,0.293,-0.095,0.147,0.158,0.293,-0.98,-0.829,0.909,0.943,0.768,0.429,-0.665,-0.429,-0.966,-0.829,-0.962,-0.829
0.6,0.6,オンライン,非対称否定,クラスタ1,10,2.2,54.683,0.787,0.812,-0.598,-0.638,-0.602,-0.543,0.255,0.143,-0.532,-0.543,0.548,0.488,0.612,0.618,0.548,0.488,,,,,,,,,,,,
0.6,0.6,オンライン,非対称否定,クラスタ2,26,2.308,26.051,-0.89,-0.638,0.726,0.696,0.924,0.771,-0.131,0.086,0.708,0.771,0.181,0.293,-0.282,-0.147,0.181,0.293,,,,,,,,,,,,
0.6,0.6,オンライン,対称否定,クラスタ1,14,2.286,49.75,-0.857,-0.928,0.893,0.986,0.939,0.943,0.357,0.486,0.851,0.943,0.285,0.098,0.186,0.029,0.285,0.098,-0.817,-0.886,0.684,0.886,0.132,0.543,-0.38,-0.771,-0.789,-0.886,-0.766,-0.829
0.6,0.6,オンライン,対称否定,クラスタ2,24,2.478,22.708,-0.97,-0.87,0.933,0.986,0.996,1,0.202,0.543,0.916,1,0.174,0.293,-0.014,0.147,0.174,0.293,-0.964,-0.829,0.899,0.943,0.113,0.6,-0.698,-0.714,-0.949,-0.829,-0.942,-0.886
0.6,0.6,サマリー,非対称否定,クラスタ1,2,2.5,64.75,0.42,-0.074,-0.38,-0.147,-0.598,-0.087,0.028,0.145,-0.313,-0.087,-0.495,-0.495,-0.101,0.045,-0.495,-0.495,,,,,,,,,,,,
0.6,0.6,サマリー,非対称否定,クラスタ2,37,2.361,42.833,-0.851,-0.696,0.8,0.899,0.959,0.943,0.124,0.371,0.804,0.943,0.442,0.488,0.059,0.059,0.442,0.488,,,,,,,,,,,,
0.6,0.6,サマリー,対称否定,クラスタ1,4,0.25,43,-0.15,0.116,0.187,0.174,0.372,0.257,0.144,0.257,0.165,0.257,0.64,0.878,0.323,0.5,0.64,0.878,-0.109,0.257,-0.129,-0.086,-0.006,0.086,0.352,-0.029,-0.065,0.257,-0.058,0.086
0.6,0.6,サマリー,対称否定,クラスタ2,27,2.296,42.877,-0.971,-0.87,0.899,0.986,0.989,1,0.114,0.543,0.886,1,0.158,0.293,-0.095,0.147,0.158,0.293,-0.975,-0.829,0.908,0.886,0.048,0.6,-0.731,-0.771,-0.964,-0.829,-0.963,-0.886
0.5,0.5,オンライン,非対称否定,クラスタ1,10,2.2,54.683,0.787,0.812,-0.598,-0.638,-0.602,-0.543,0.56,0.771,-0.537,-0.543,0.548,0.488,0.612,0.618,0.548,0.488,,,,,,,,,,,,
0.5,0.5,オンライン,非対称否定,クラスタ2,26,2.308,26.051,-0.89,-0.638,0.726,0.696,0.924,0.771,-0.45,-0.314,0.727,0.771,0.181,0.293,-0.282,-0.147,0.181,0.293,,,,,,,,,,,,
0.5,0.5,オンライン,対称否定,クラスタ1,14,2.286,49.75,-0.857,-0.928,0.893,0.986,0.939,0.943,0.051,-0.2,0.848,0.943,0.285,0.098,0.186,0.029,0.285,0.098,-0.814,-0.886,-0.53,-0.257,0.174,0.371,-0.287,-0.6,-0.786,-0.886,-0.757,-0.829
0.5,0.5,オンライン,対称否定,クラスタ2,24,2.478,22.708,-0.97,-0.87,0.933,0.986,0.996,1,-0.158,-0.086,0.928,1,0.174,0.293,-0.014,0.147,0.174,0.293,-0.96,-0.829,-0.233,-0.314,0.022,0.429,-0.479,-0.543,-0.945,-0.829,-0.937,-0.886
0.5,0.5,サマリー,非対称否定,クラスタ1,2,2.5,64.75,0.42,-0.074,-0.38,-0.147,-0.598,-0.087,0.147,0.029,-0.321,-0.087,-0.495,-0.495,-0.101,0.045,-0.495,-0.495,,,,,,,,,,,,
0.5,0.5,サマリー,非対称否定,クラスタ2,37,2.361,42.833,-0.851,-0.696,0.8,0.899,0.959,0.943,-0.183,-0.143,0.825,0.943,0.442,0.488,0.059,0.059,0.442,0.488,,,,,,,,,,,,
0.5,0.5,サマリー,対称否定,クラスタ1,4,0.25,43,-0.15,0.116,0.187,0.174,0.372,0.257,0.12,0.486,0.152,-0.029,0.64,0.878,0.323,0.5,0.64,0.878,-0.086,0.257,-0.588,-0.714,-0.063,-0.086,0.306,0.086,-0.049,0.257,-0.06,0.257
0.5,0.5,サマリー,対称否定,クラスタ2,27,2.296,42.877,-0.971,-0.87,0.899,0.986,0.989,1,-0.25,-0.086,0.905,0.943,0.158,0.293,-0.095,0.147,0.158,0.293,-0.968,-0.829,-0.107,-0.314,-0.025,0.429,-0.469,-0.543,-0.958,-0.829,-0.962,-0.829
0.4,0.4,オンライン,非対称否定,クラスタ1,10,2.2,54.683,0.787,0.812,-0.598,-0.638,-0.602,-0.543,0.805,0.829,-0.52,-0.6,0.548,0.488,0.612,0.618,0.548,0.488,,,,,,,,,,,,
0.4,0.4,オンライン,非対称否定,クラスタ2,26,2.308,26.051,-0.89,-0.638,0.726,0.696,0.924,0.771,-0.712,-0.6,0.686,0.714,0.181,0.293,-0.282,-0.147,0.181,0.293,,,,,,,,,,,,
0.4,0.4,オンライン,対称否定,クラスタ1,14,2.286,49.75,-0.857,-0.928,0.893,0.986,0.939,0.943,-0.274,-0.429,0.814,0.886,0.285,0.098,0.186,0.029,0.285,0.098,-0.809,-0.886,-0.924,-0.886,0.577,0.429,-0.316,0.086,-0.781,-0.886,-0.744,-0.829
0.4,0.4,オンライン,対称否定,クラスタ2,24,2.478,22.708,-0.97,-0.87,0.933,0.986,0.996,1,-0.509,-0.371,0.902,0.943,0.174,0.293,-0.014,0.147,0.174,0.293,-0.953,-0.829,-0.865,-0.943,0.527,0.486,-0.001,0.143,-0.938,-0.829,-0.931,-0.886
0.4,0.4,サマリー,非対称否定,クラスタ1,2,2.5,64.75,0.42,-0.074,-0.38,-0.147,-0.598,-0.087,0.225,0.087,-0.254,0.174,-0.495,-0.495,-0.101,0.045,-0.495,-0.495,,,,,,,,,,,,
0.4,0.4,サマリー,非対称否定,クラスタ2,37,2.361,42.833,-0.851,-0.696,0.8,0.899,0.959,0.943,-0.462,-0.429,0.782,0.886,0.442,0.488,0.059,0.059,0.442,0.488,,,,,,,,,,,,
0.4,0.4,サマリー,対称否定,クラスタ1,4,0.25,43,-0.15,0.116,0.187,0.174,0.372,0.257,0.099,0.257,0.124,-0.029,0.64,0.878,0.323,0.5,0.64,0.878,-0.06,0.257,-0.419,-0.429,-0.017,-0.257,-0.92,-0.6,-0.032,0.257,-0.065,0.086
0.4,0.4,サマリー,対称否定,クラスタ2,27,2.296,42.877,-0.971,-0.87,0.899,0.986,0.989,1,-0.588,-0.371,0.872,0.943,0.158,0.293,-0.095,0.147,0.158,0.293,-0.957,-0.829,-0.824,-0.943,0.472,0.486,0.051,0.143,-0.949,-0.829,-0.961,-0.886
0.3,0.3,オンライン,非対称否定,クラスタ1,10,2.2,54.683,0.787,0.812,-0.598,-0.638,-0.602,-0.543,0.918,0.943,-0.375,-0.314,0.548,0.488,0.612,0.618,0.548,0.488,,,,,,,,,,,,
0.3,0.3,オンライン,非対称否定,クラスタ2,26,2.308,26.051,-0.89,-0.638,0.726,0.696,0.924,0.771,-0.828,-0.543,0.37,0.314,0.181,0.293,-0.282,-0.147,0.181,0.293,,,,,,,,,,,,
0.3,0.3,オンライン,対称否定,クラスタ1,14,2.286,49.75,-0.857,-0.928,0.893,0.986,0.939,0.943,-0.506,-0.543,0.542,0.543,0.285,0.098,0.186,0.029,0.285,0.098,-0.794,-0.886,-0.933,-0.943,0.683,0.543,0.968,0.943,-0.772,-0.886,-0.709,-0.657
0.3,0.3,オンライン,対称否定,クラスタ2,24,2.478,22.708,-0.97,-0.87,0.933,0.986,0.996,1,-0.73,-0.429,0.627,0.6,0.174,0.293,-0.014,0.147,0.174,0.293,-0.94,-0.829,-0.945,-1,0.67,0.6,0.909,1,-0.927,-0.829,-0.911,-0.771
0.3,0.3,サマリー,非対称否定,クラスタ1,2,2.5,64.75,0.42,-0.074,-0.38,-0.147,-0.598,-0.087,0.256,0,0.078,0.551,-0.495,-0.495,-0.101,0.045,-0.495,-0.495,,,,,,,,,,,,
0.3,0.3,サマリー,非対称否定,クラスタ2,37,2.361,42.833,-0.851,-0.696,0.8,0.899,0.959,0.943,-0.624,-0.371,0.495,0.543,0.442,0.488,0.059,0.059,0.442,0.488,,,,,,,,,,,,
0.3,0.3,サマリー,対称否定,クラスタ1,4,0.25,43,-0.15,0.116,0.187,0.174,0.372,0.257,0.084,0.371,-0.099,-0.143,0.64,0.878,0.323,0.5,0.64,0.878,-0.034,0.257,-0.351,-0.257,0.004,-0.143,0.645,0.257,-0.009,0.257,-0.065,0.029
0.3,0.3,サマリー,対称否定,クラスタ2,27,2.296,42.877,-0.971,-0.87,0.899,0.986,0.989,1,-0.784,-0.429,0.614,0.6,0.158,0.293,-0.095,0.147,0.158,0.293,-0.945,-0.829,-0.908,-1,0.617,0.6,0.903,1,-0.937,-0.829,-0.945,-0.771
0.2,0.2,オンライン,非対称否定,クラスタ1,10,2.2,54.683,0.787,0.812,-0.598,-0.638,-0.602,-0.543,0.945,0.943,0.523,0.771,0.548,0.488,0.612,0.618,0.548,0.488,,,,,,,,,,,,
0.2,0.2,オンライン,非対称否定,クラスタ2,26,2.308,26.051,-0.89,-0.638,0.726,0.696,0.924,0.771,-0.832,-0.543,-0.954,-0.486,0.181,0.293,-0.282,-0.147,0.181,0.293,,,,,,,,,,,,
0.2,0.2,オンライン,対称否定,クラスタ1,14,2.286,49.75,-0.857,-0.928,0.893,0.986,0.939,0.943,-0.612,-0.771,-0.844,-0.714,0.285,0.098,0.186,0.029,0.285,0.098,-0.776,-0.886,-0.923,-0.943,0.718,0.543,-0.219,0.029,-0.753,-0.886,-0.467,-0.429
0.2,0.2,オンライン,対称否定,クラスタ2,24,2.478,22.708,-0.97,-0.87,0.933,0.986,0.996,1,-0.815,-0.657,-0.885,-0.6,0.174,0.293,-0.014,0.147,0.174,0.293,-0.922,-0.829,-0.961,-1,0.716,0.6,-0.098,0.086,-0.908,-0.829,-0.707,-0.486
0.2,0.2,サマリー,非対称否定,クラスタ1,2,2.5,64.75,0.42,-0.074,-0.38,-0.147,-0.598,-0.087,0.24,-0.145,0.773,0.551,-0.495,-0.495,-0.101,0.045,-0.495,-0.495,,,,,,,,,,,,
0.2,0.2,サマリー,非対称否定,クラスタ2,37,2.361,42.833,-0.851,-0.696,0.8,0.899,0.959,0.943,-0.665,-0.486,-0.94,-0.657,0.442,0.488,0.059,0.059,0.442,0.488,,,,,,,,,,,,
0.2,0.2,サマリー,対称否定,クラスタ1,4,0.25,43,-0.15,0.116,0.187,0.174,0.372,0.257,0.091,0.371,-0.506,-0.029,0.64,0.878,0.323,0.5,0.64,0.878,-0.002,0.257,-0.302,-0.257,0.023,-0.143,-0.621,-0.429,0.024,0.257,-0.056,0.029
0.2,0.2,サマリー,対称否定,クラスタ2,27,2.296,42.877,-0.971,-0.87,0.899,0.986,0.989,1,-0.85,-0.657,-0.897,-0.6,0.158,0.293,-0.095,0.147,0.158,0.293,-0.927,-0.829,-0.935,-1,0.66,0.6,-0.092,0.086,-0.917,-0.829,-0.784,-0.486
0.1,0.1,オンライン,非対称否定,クラスタ1,10,2.2,54.683,0.787,0.812,-0.598,-0.638,-0.602,-0.543,0.95,0.943,0.593,0.543,0.548,0.488,0.612,0.618,0.548,0.488,,,,,,,,,,,,
0.1,0.1,オンライン,非対称否定,クラスタ2,26,2.308,26.051,-0.89,-0.638,0.726,0.696,0.924,0.771,-0.783,-0.543,-0.932,-0.771,0.181,0.293,-0.282,-0.147,0.181,0.293,,,,,,,,,,,,
0.1,0.1,オンライン,対称否定,クラスタ1,14,2.286,49.75,-0.857,-0.928,0.893,0.986,0.939,0.943,-0.624,-0.771,-0.934,-0.943,0.285,0.098,0.186,0.029,0.285,0.098,-0.735,-0.886,-0.917,-0.943,0.736,0.429,-0.924,-0.943,-0.71,-0.886,0.668,0.486
0.1,0.1,オンライン,対称否定,クラスタ2,24,2.478,22.708,-0.97,-0.87,0.933,0.986,0.996,1,-0.813,-0.657,-0.994,-1,0.174,0.293,-0.014,0.147,0.174,0.293,-0.886,-0.829,-0.97,-1,0.73,0.486,-0.918,-1,-0.87,-0.829,0.585,0.429
0.1,0.1,サマリー,非対称否定,クラスタ1,2,2.5,64.75,0.42,-0.074,-0.38,-0.147,-0.598,-0.087,0.185,-0.145,0.62,0.087,-0.495,-0.495,-0.101,0.045,-0.495,-0.495,,,,,,,,,,,,
0.1,0.1,サマリー,非対称否定,クラスタ2,37,2.361,42.833,-0.851,-0.696,0.8,0.899,0.959,0.943,-0.627,-0.486,-0.97,-0.943,0.442,0.488,0.059,0.059,0.442,0.488,,,,,,,,,,,,
0.1,0.1,サマリー,対称否定,クラスタ1,4,0.25,43,-0.15,0.116,0.187,0.174,0.372,0.257,0.134,0.371,-0.38,-0.257,0.64,0.878,0.323,0.5,0.64,0.878,0.056,0.257,-0.28,-0.257,0.054,-0.257,-0.58,-0.257,0.08,0.257,0.067,0.029
0.1,0.1,サマリー,対称否定,クラスタ2,27,2.296,42.877,-0.971,-0.87,0.899,0.986,0.989,1,-0.836,-0.657,-0.99,-1,0.158,0.293,-0.095,0.147,0.158,0.293,-0.891,-0.829,-0.947,-1,0.674,0.486,-0.923,-1,-0.878,-0.829,0.511,0.429
0.01,0.01,オンライン,非対称否定,クラスタ1,10,2.2,54.683,0.787,0.812,-0.598,-0.638,-0.602,-0.543,0.956,0.943,0.585,0.543,0.548,0.488,0.612,0.618,0.548,0.488,,,,,,,,,,,,
0.01,0.01,オンライン,非対称否定,クラスタ2,26,2.308,26.051,-0.89,-0.638,0.726,0.696,0.924,0.771,-0.602,-0.543,-0.899,-0.771,0.181,0.293,-0.282,-0.147,0.181,0.293,,,,,,,,,,,,
0.01,0.01,オンライン,対称否定,クラスタ1,14,2.286,49.75,-0.857,-0.928,0.893,0.986,0.939,0.943,-0.464,-0.771,-0.932,-0.943,0.285,0.098,0.186,0.029,0.285,0.098,-0.573,-0.771,-0.917,-0.943,0.762,0.371,-0.944,-0.943,-0.543,-0.771,0.863,0.886
0.01,0.01,オンライン,対称否定,クラスタ2,24,2.478,22.708,-0.97,-0.87,0.933,0.986,0.996,1,-0.647,-0.657,-0.997,-1,0.174,0.293,-0.014,0.147,0.174,0.293,-0.737,-0.657,-0.978,-1,0.751,0.429,-0.968,-1,-0.711,-0.657,0.911,0.829
0.01,0.01,サマリー,非対称否定,クラスタ1,2,2.5,64.75,0.42,-0.074,-0.38,-0.147,-0.598,-0.087,0.006,-0.145,0.545,0.087,-0.495,-0.495,-0.101,0.045,-0.495,-0.495,,,,,,,,,,,,
0.01,0.01,サマリー,非対称否定,クラスタ2,37,2.361,42.833,-0.851,-0.696,0.8,0.899,0.959,0.943,-0.404,-0.486,-0.942,-0.943,0.442,0.488,0.059,0.059,0.442,0.488,,,,,,,,,,,,
0.01,0.01,サマリー,対称否定,クラスタ1,4,0.25,43,-0.15,0.116,0.187,0.174,0.372,0.257,0.297,0.371,-0.376,-0.257,0.64,0.878,0.323,0.5,0.64,0.878,0.225,0.371,-0.273,-0.257,0.092,-0.257,-0.497,-0.257,0.251,0.371,0.126,-0.257
0.01,0.01,サマリー,対称否定,クラスタ2,27,2.296,42.877,-0.971,-0.87,0.899,0.986,0.989,1,-0.667,-0.657,-0.986,-1,0.158,0.293,-0.095,0.147,0.158,0.293,-0.746,-0.657,-0.957,-1,0.693,0.486,-0.965,-1,-0.721,-0.657,0.879,0.829
